{"type": "FeatureCollection", "features": [{"type": "Feature", "properties": {"code": "01019", "apl": 0.0, "pop": 26, "communeName": "Armix", "dept": "01", "category": "severe"}, "geometry": {"type": "Polygon", "coordinates": [[[5.595, 45.863], [5.613, 45.853], [5.609, 45.848], [5.575, 45.845], [5.559, 45.865], [5.595, 45.863]]]}}, {"type": "Feature", "properties": {"code": "01152", "apl": 0.0, "pop": 765, "communeName": "Échallon", "dept": "01", "category": "severe"}, "geometry": {"type": "Polygon", "coordinates": [[[5.771, 46.238], [5.763, 46.201], [5.728, 46.199], [5.711, 46.204], [5.698, 46.22], [5.713, 46.257], [5.725, 46.261], [5.733, 46.264], [5.771, 46.238]]]}}, {"type": "Feature", "properties": {"code": "01210", "apl": 0.0, "pop": 230, "communeName": "Lélex", "dept": "01", "category": "severe"}, "geometry": {"type": "Polygon", "coordinates": [[[5.941, 46.309], [5.954, 46.306], [5.958, 46.285], [5.947, 46.275], [5.919, 46.26], [5.909, 46.284], [5.926, 46.314], [5.941, 46.309]]]}}, {"type": "Feature", "properties": {"code": "01247", "apl": 0.0, "pop": 297, "communeName": "Mijoux", "dept": "01", "category": "severe"}, "geometry": {"type": "Polygon", "coordinates": [[[6.059, 46.384], [6.001, 46.336], [5.974, 46.323], [5.954, 46.306], [5.941, 46.309], [5.975, 46.35], [6.015, 46.376], [6.053, 46.412], [6.078, 46.388], [6.059, 46.384]]]}}, {"type": "Feature", "properties": {"code": "01298", "apl": 0.0, "pop": 161, "communeName": "Plagne", "dept": "01", "category": "severe"}, "geometry": {"type": "Polygon", "coordinates": [[[5.712, 46.174], [5.711, 46.204], [5.728, 46.199], [5.712, 46.174]]]}}, {"type": "Feature", "properties": {"code": "03067", "apl": 0.0, "pop": 133, "communeName": "Châtelperron", "dept": "03", "category": "severe"}, "geometry": {"type": "Polygon", "coordinates": [[[3.619, 46.421], [3.65, 46.421], [3.662, 46.384], [3.623, 46.369], [3.618, 46.369], [3.6, 46.394], [3.619, 46.421]]]}}, {"type": "Feature", "properties": {"code": "03125", "apl": 0.0, "pop": 120, "communeName": "La Guillermie", "dept": "03", "category": "severe"}, "geometry": {"type": "Polygon", "coordinates": [[[3.667, 45.961], [3.632, 45.961], [3.613, 45.997], [3.665, 45.997], [3.667, 45.961]]]}}, {"type": "Feature", "properties": {"code": "03141", "apl": 0.0, "pop": 150, "communeName": "Lavoine", "dept": "03", "category": "severe"}, "geometry": {"type": "Polygon", "coordinates": [[[3.694, 45.931], [3.683, 45.941], [3.667, 45.961], [3.665, 45.997], [3.681, 46.004], [3.712, 45.99], [3.71, 45.974], [3.694, 45.931]]]}}, {"type": "Feature", "properties": {"code": "04009", "apl": 0.0, "pop": 14, "communeName": "Archail", "dept": "04", "category": "severe"}, "geometry": {"type": "Polygon", "coordinates": [[[6.3, 44.093], [6.328, 44.137], [6.362, 44.11], [6.341, 44.095], [6.3, 44.093]]]}}, {"type": "Feature", "properties": {"code": "04016", "apl": 0.0, "pop": 61, "communeName": "Authon", "dept": "04", "category": "severe"}, "geometry": {"type": "Polygon", "coordinates": [[[6.196, 44.226], [6.166, 44.224], [6.148, 44.234], [6.12, 44.222], [6.114, 44.238], [6.069, 44.254], [6.108, 44.273], [6.194, 44.265], [6.219, 44.24], [6.196, 44.226]]]}}, {"type": "Feature", "properties": {"code": "04020", "apl": 0.0, "pop": 131, "communeName": "Barles", "dept": "04", "category": "severe"}, "geometry": {"type": "Polygon", "coordinates": [[[6.265, 44.332], [6.272, 44.331], [6.266, 44.3], [6.308, 44.273], [6.312, 44.247], [6.279, 44.232], [6.257, 44.235], [6.219, 44.24], [6.194, 44.265], [6.213, 44.304], [6.265, 44.332]]]}}, {"type": "Feature", "properties": {"code": "04024", "apl": 0.0, "pop": 124, "communeName": "Beaujeu", "dept": "04", "category": "severe"}, "geometry": {"type": "Polygon", "coordinates": [[[6.377, 44.172], [6.351, 44.185], [6.35, 44.202], [6.31, 44.229], [6.313, 44.247], [6.337, 44.239], [6.364, 44.249], [6.405, 44.256], [6.422, 44.224], [6.377, 44.172]]]}}, {"type": "Feature", "properties": {"code": "04032", "apl": 0.0, "pop": 128, "communeName": "Braux", "dept": "04", "category": "severe"}, "geometry": {"type": "Polygon", "coordinates": [[[6.72, 43.991], [6.694, 43.963], [6.675, 43.998], [6.7, 44.017], [6.72, 43.991]]]}}, {"type": "Feature", "properties": {"code": "04051", "apl": 0.0, "pop": 74, "communeName": "Châteauneuf-Miravail", "dept": "04", "category": "severe"}, "geometry": {"type": "Polygon", "coordinates": [[[5.679, 44.146], [5.683, 44.164], [5.7, 44.174], [5.751, 44.163], [5.748, 44.132], [5.729, 44.129], [5.689, 44.144], [5.679, 44.146]]]}}, {"type": "Feature", "properties": {"code": "04102", "apl": 0.0, "pop": 195, "communeName": "Le Lauzet-Ubaye", "dept": "04", "category": "severe"}, "geometry": {"type": "Polygon", "coordinates": [[[6.387, 44.398], [6.386, 44.409], [6.405, 44.43], [6.391, 44.453], [6.327, 44.464], [6.34, 44.48], [6.408, 44.48], [6.481, 44.454], [6.454, 44.413], [6.464, 44.392], [6.412, 44.367], [6.387, 44.398]]]}}, {"type": "Feature", "properties": {"code": "04107", "apl": 0.0, "pop": 5, "communeName": "Majastres", "dept": "04", "category": "severe"}, "geometry": {"type": "Polygon", "coordinates": [[[6.233, 43.922], [6.256, 43.926], [6.315, 43.92], [6.307, 43.889], [6.315, 43.866], [6.288, 43.858], [6.255, 43.898], [6.233, 43.922]]]}}, {"type": "Feature", "properties": {"code": "04120", "apl": 0.0, "pop": 108, "communeName": "Val d'Oronaye", "dept": "04", "category": "severe"}, "geometry": {"type": "Polygon", "coordinates": [[[6.779, 44.442], [6.764, 44.472], [6.777, 44.495], [6.808, 44.507], [6.831, 44.493], [6.861, 44.503], [6.876, 44.482], [6.906, 44.468], [6.911, 44.452], [6.947, 44.427], [6.892, 44.42], [6.897, 44.375], [6.887, 44.361], [6.872, 44.353], [6.848, 44.404], [6.808, 44.434], [6.779, 44.442]]]}}, {"type": "Feature", "properties": {"code": "04144", "apl": 0.0, "pop": 352, "communeName": "La Palud-sur-Verdon", "dept": "04", "category": "severe"}, "geometry": {"type": "Polygon", "coordinates": [[[6.379, 43.74], [6.359, 43.736], [6.326, 43.747], [6.263, 43.782], [6.249, 43.802], [6.295, 43.833], [6.288, 43.858], [6.315, 43.866], [6.351, 43.841], [6.356, 43.803], [6.396, 43.789], [6.379, 43.74]]]}}, {"type": "Feature", "properties": {"code": "04155", "apl": 0.0, "pop": 175, "communeName": "Prads-Haute-Bléone", "dept": "04", "category": "severe"}, "geometry": {"type": "Polygon", "coordinates": [[[6.467, 44.301], [6.498, 44.284], [6.533, 44.288], [6.546, 44.264], [6.542, 44.238], [6.537, 44.19], [6.527, 44.179], [6.499, 44.173], [6.484, 44.148], [6.423, 44.126], [6.375, 44.145], [6.377, 44.172], [6.422, 44.224], [6.405, 44.256], [6.43, 44.281], [6.467, 44.301]]]}}, {"type": "Feature", "properties": {"code": "04170", "apl": 0.0, "pop": 72, "communeName": "La Rochette", "dept": "04", "category": "severe"}, "geometry": {"type": "Polygon", "coordinates": [[[6.836, 43.916], [6.832, 43.918], [6.833, 43.925], [6.892, 43.93], [6.9, 43.927], [6.919, 43.894], [6.892, 43.89], [6.836, 43.916]]]}}, {"type": "Feature", "properties": {"code": "04171", "apl": 0.0, "pop": 121, "communeName": "Rougon", "dept": "04", "category": "severe"}, "geometry": {"type": "Polygon", "coordinates": [[[6.439, 43.798], [6.414, 43.792], [6.413, 43.76], [6.383, 43.734], [6.379, 43.74], [6.396, 43.789], [6.356, 43.803], [6.351, 43.841], [6.393, 43.835], [6.439, 43.798]]]}}, {"type": "Feature", "properties": {"code": "04179", "apl": 0.0, "pop": 107, "communeName": "Saint-Geniez", "dept": "04", "category": "severe"}, "geometry": {"type": "Polygon", "coordinates": [[[6.12, 44.222], [6.099, 44.202], [6.055, 44.199], [6.041, 44.225], [5.985, 44.233], [6.035, 44.246], [6.054, 44.27], [6.069, 44.254], [6.114, 44.238], [6.12, 44.222]]]}}, {"type": "Feature", "properties": {"code": "04186", "apl": 0.0, "pop": 92, "communeName": "Saint-Laurent-du-Verdon", "dept": "04", "category": "severe"}, "geometry": {"type": "Polygon", "coordinates": [[[6.063, 43.74], [6.064, 43.741], [6.09, 43.729], [6.07, 43.705], [6.056, 43.7], [6.049, 43.722], [6.063, 43.74]]]}}, {"type": "Feature", "properties": {"code": "04193", "apl": 0.0, "pop": 176, "communeName": "Saint-Paul-sur-Ubaye", "dept": "04", "category": "severe"}, "geometry": {"type": "Polygon", "coordinates": [[[6.668, 44.5], [6.68, 44.542], [6.711, 44.541], [6.742, 44.555], [6.767, 44.587], [6.8, 44.604], [6.843, 44.609], [6.858, 44.629], [6.883, 44.63], [6.908, 44.657], [6.948, 44.655], [6.962, 44.626], [6.933, 44.593], [6.916, 44.559], [6.876, 44.551], [6.855, 44.532], [6.861, 44.503], [6.831, 44.493], [6.808, 44.507], [6.777, 44.495], [6.764, 44.472], [6.741, 44.469], [6.696, 44.496], [6.668, 44.5]]]}}, {"type": "Feature", "properties": {"code": "04199", "apl": 0.0, "pop": 169, "communeName": "Saint-Vincent-sur-Jabron", "dept": "04", "category": "severe"}, "geometry": {"type": "Polygon", "coordinates": [[[5.692, 44.186], [5.755, 44.21], [5.778, 44.18], [5.772, 44.152], [5.787, 44.122], [5.768, 44.124], [5.748, 44.132], [5.751, 44.163], [5.7, 44.174], [5.692, 44.186]]]}}, {"type": "Feature", "properties": {"code": "04210", "apl": 0.0, "pop": 86, "communeName": "Soleilhas", "dept": "04", "category": "severe"}, "geometry": {"type": "Polygon", "coordinates": [[[6.671, 43.888], [6.696, 43.876], [6.703, 43.856], [6.678, 43.852], [6.668, 43.831], [6.63, 43.834], [6.602, 43.845], [6.62, 43.881], [6.635, 43.892], [6.671, 43.888]]]}}, {"type": "Feature", "properties": {"code": "04228", "apl": 0.0, "pop": 38, "communeName": "Valavoire", "dept": "04", "category": "severe"}, "geometry": {"type": "Polygon", "coordinates": [[[6.069, 44.254], [6.054, 44.27], [6.052, 44.304], [6.09, 44.299], [6.108, 44.273], [6.069, 44.254]]]}}, {"type": "Feature", "properties": {"code": "05014", "apl": 0.0, "pop": 187, "communeName": "Barret-sur-Méouge", "dept": "05", "category": "severe"}, "geometry": {"type": "Polygon", "coordinates": [[[5.735, 44.226], [5.734, 44.239], [5.687, 44.267], [5.676, 44.276], [5.718, 44.287], [5.754, 44.295], [5.769, 44.266], [5.742, 44.251], [5.76, 44.229], [5.735, 44.226]]]}}, {"type": "Feature", "properties": {"code": "05026", "apl": 0.0, "pop": 277, "communeName": "Ceillac", "dept": "05", "category": "severe"}, "geometry": {"type": "Polygon", "coordinates": [[[6.721, 44.643], [6.713, 44.67], [6.731, 44.688], [6.76, 44.683], [6.795, 44.702], [6.803, 44.707], [6.823, 44.694], [6.823, 44.687], [6.908, 44.657], [6.883, 44.63], [6.858, 44.629], [6.843, 44.609], [6.8, 44.604], [6.769, 44.631], [6.742, 44.629], [6.721, 44.643]]]}}, {"type": "Feature", "properties": {"code": "05033", "apl": 0.0, "pop": 40, "communeName": "Chanousse", "dept": "05", "category": "severe"}, "geometry": {"type": "Polygon", "coordinates": [[[5.646, 44.343], [5.626, 44.359], [5.654, 44.394], [5.685, 44.383], [5.695, 44.371], [5.68, 44.344], [5.665, 44.336], [5.646, 44.343]]]}}, {"type": "Feature", "properties": {"code": "05044", "apl": 0.0, "pop": 123, "communeName": "Crévoux", "dept": "05", "category": "severe"}, "geometry": {"type": "Polygon", "coordinates": [[[6.668, 44.5], [6.642, 44.486], [6.631, 44.509], [6.603, 44.525], [6.568, 44.53], [6.555, 44.559], [6.643, 44.572], [6.68, 44.542], [6.668, 44.5]]]}}, {"type": "Feature", "properties": {"code": "05051", "apl": 0.0, "pop": 26, "communeName": "Étoile-Saint-Cyrice", "dept": "05", "category": "severe"}, "geometry": {"type": "Polygon", "coordinates": [[[5.661, 44.31], [5.634, 44.301], [5.608, 44.306], [5.624, 44.335], [5.646, 44.343], [5.665, 44.336], [5.661, 44.31]]]}}, {"type": "Feature", "properties": {"code": "05066", "apl": 0.0, "pop": 8, "communeName": "La Haute-Beaume", "dept": "05", "category": "severe"}, "geometry": {"type": "Polygon", "coordinates": [[[5.607, 44.568], [5.626, 44.587], [5.653, 44.57], [5.618, 44.556], [5.607, 44.568]]]}}, {"type": "Feature", "properties": {"code": "05086", "apl": 0.0, "pop": 104, "communeName": "Montjay", "dept": "05", "category": "severe"}, "geometry": {"type": "Polygon", "coordinates": [[[5.583, 44.387], [5.629, 44.401], [5.655, 44.397], [5.654, 44.394], [5.626, 44.359], [5.646, 44.343], [5.624, 44.335], [5.588, 44.332], [5.594, 44.349], [5.583, 44.387]]]}}, {"type": "Feature", "properties": {"code": "05093", "apl": 0.0, "pop": 359, "communeName": "Névache", "dept": "05", "category": "severe"}, "geometry": {"type": "Polygon", "coordinates": [[[6.579, 44.989], [6.554, 44.989], [6.531, 45.009], [6.501, 45.017], [6.487, 45.056], [6.48, 45.091], [6.51, 45.109], [6.53, 45.099], [6.564, 45.114], [6.577, 45.123], [6.615, 45.122], [6.63, 45.109], [6.633, 45.094], [6.662, 45.072], [6.659, 45.052], [6.673, 45.02], [6.743, 45.017], [6.738, 44.989], [6.716, 44.978], [6.666, 44.976], [6.623, 44.984], [6.609, 45.005], [6.579, 44.989]]]}}, {"type": "Feature", "properties": {"code": "05135", "apl": 0.0, "pop": 59, "communeName": "Sainte-Colombe", "dept": "05", "category": "severe"}, "geometry": {"type": "Polygon", "coordinates": [[[5.634, 44.301], [5.661, 44.31], [5.688, 44.293], [5.718, 44.287], [5.676, 44.276], [5.647, 44.267], [5.633, 44.291], [5.634, 44.301]]]}}, {"type": "Feature", "properties": {"code": "05155", "apl": 0.0, "pop": 32, "communeName": "Saint-Pierre-Avez", "dept": "05", "category": "severe"}, "geometry": {"type": "Polygon", "coordinates": [[[5.791, 44.236], [5.76, 44.229], [5.742, 44.251], [5.769, 44.266], [5.791, 44.259], [5.791, 44.236]]]}}, {"type": "Feature", "properties": {"code": "05160", "apl": 0.0, "pop": 81, "communeName": "Salérans", "dept": "05", "category": "severe"}, "geometry": {"type": "Polygon", "coordinates": [[[5.687, 44.267], [5.734, 44.239], [5.735, 44.226], [5.681, 44.231], [5.673, 44.246], [5.687, 44.267]]]}}, {"type": "Feature", "properties": {"code": "06002", "apl": 0.0, "pop": 51, "communeName": "Amirat", "dept": "06", "category": "severe"}, "geometry": {"type": "Polygon", "coordinates": [[[6.832, 43.918], [6.836, 43.916], [6.835, 43.894], [6.822, 43.881], [6.792, 43.876], [6.782, 43.884], [6.799, 43.91], [6.832, 43.918]]]}}, {"type": "Feature", "properties": {"code": "06005", "apl": 0.0, "pop": 178, "communeName": "Ascros", "dept": "06", "category": "severe"}, "geometry": {"type": "Polygon", "coordinates": [[[7.05, 43.91], [6.993, 43.902], [6.973, 43.923], [6.98, 43.935], [7.005, 43.938], [7.046, 43.926], [7.059, 43.922], [7.05, 43.91]]]}}, {"type": "Feature", "properties": {"code": "06008", "apl": 0.0, "pop": 44, "communeName": "Auvare", "dept": "06", "category": "severe"}, "geometry": {"type": "Polygon", "coordinates": [[[6.885, 43.968], [6.904, 44.033], [6.94, 44.041], [6.943, 44.041], [6.921, 44.017], [6.942, 44.006], [6.936, 43.987], [6.893, 43.967], [6.885, 43.968]]]}}, {"type": "Feature", "properties": {"code": "06009", "apl": 0.0, "pop": 124, "communeName": "Bairols", "dept": "06", "category": "severe"}, "geometry": {"type": "Polygon", "coordinates": [[[7.142, 43.972], [7.131, 43.958], [7.093, 43.992], [7.131, 44.014], [7.142, 43.972]]]}}, {"type": "Feature", "properties": {"code": "06016", "apl": 0.0, "pop": 553, "communeName": "Beuil", "dept": "06", "category": "severe"}, "geometry": {"type": "Polygon", "coordinates": [[[6.914, 44.189], [6.951, 44.195], [6.975, 44.158], [6.98, 44.159], [6.994, 44.133], [7.019, 44.109], [7.027, 44.067], [6.976, 44.04], [6.95, 44.038], [6.943, 44.041], [6.94, 44.041], [6.937, 44.076], [6.97, 44.119], [6.966, 44.136], [6.911, 44.164], [6.914, 44.189]]]}}, {"type": "Feature", "properties": {"code": "06024", "apl": 0.0, "pop": 184, "communeName": "Briançonnet", "dept": "06", "category": "severe"}, "geometry": {"type": "Polygon", "coordinates": [[[6.717, 43.88], [6.749, 43.872], [6.782, 43.884], [6.792, 43.876], [6.794, 43.843], [6.703, 43.856], [6.696, 43.876], [6.671, 43.888], [6.717, 43.88]]]}}, {"type": "Feature", "properties": {"code": "06035", "apl": 0.0, "pop": 1087, "communeName": "Castellar", "dept": "06", "category": "severe"}, "geometry": {"type": "Polygon", "coordinates": [[[7.484, 43.823], [7.479, 43.848], [7.497, 43.851], [7.508, 43.842], [7.519, 43.802], [7.493, 43.797], [7.484, 43.823]]]}}, {"type": "Feature", "properties": {"code": "06037", "apl": 0.0, "pop": 312, "communeName": "Caussols", "dept": "06", "category": "severe"}, "geometry": {"type": "Polygon", "coordinates": [[[6.858, 43.765], [6.956, 43.747], [6.924, 43.716], [6.899, 43.713], [6.872, 43.734], [6.858, 43.765]]]}}, {"type": "Feature", "properties": {"code": "06040", "apl": 0.0, "pop": 63, "communeName": "Châteauneuf-d'Entraunes", "dept": "06", "category": "severe"}, "geometry": {"type": "Polygon", "coordinates": [[[6.878, 44.172], [6.858, 44.167], [6.85, 44.138], [6.82, 44.111], [6.81, 44.146], [6.812, 44.174], [6.803, 44.177], [6.828, 44.206], [6.873, 44.185], [6.878, 44.172]]]}}, {"type": "Feature", "properties": {"code": "06041", "apl": 0.0, "pop": 400, "communeName": "Cipières", "dept": "06", "category": "severe"}, "geometry": {"type": "Polygon", "coordinates": [[[6.956, 43.747], [6.858, 43.765], [6.86, 43.783], [6.904, 43.791], [6.971, 43.788], [6.984, 43.771], [6.991, 43.756], [6.956, 43.747]]]}}, {"type": "Feature", "properties": {"code": "06042", "apl": 0.0, "pop": 673, "communeName": "Clans", "dept": "06", "category": "severe"}, "geometry": {"type": "Polygon", "coordinates": [[[7.234, 44.017], [7.225, 44.004], [7.206, 44.002], [7.173, 43.968], [7.152, 43.964], [7.142, 43.972], [7.131, 44.014], [7.207, 44.041], [7.234, 44.017]]]}}, {"type": "Feature", "properties": {"code": "06045", "apl": 0.0, "pop": 76, "communeName": "Collongues", "dept": "06", "category": "severe"}, "geometry": {"type": "Polygon", "coordinates": [[[6.888, 43.873], [6.835, 43.894], [6.836, 43.916], [6.892, 43.89], [6.888, 43.873]]]}}, {"type": "Feature", "properties": {"code": "06047", "apl": 0.0, "pop": 94, "communeName": "Conségudes", "dept": "06", "category": "severe"}, "geometry": {"type": "Polygon", "coordinates": [[[7.049, 43.855], [7.072, 43.855], [7.065, 43.826], [7.049, 43.825], [7.024, 43.829], [7.033, 43.856], [7.049, 43.855]]]}}, {"type": "Feature", "properties": {"code": "06056", "apl": 0.0, "pop": 137, "communeName": "Entraunes", "dept": "06", "category": "severe"}, "geometry": {"type": "Polygon", "coordinates": [[[6.823, 44.215], [6.828, 44.206], [6.803, 44.177], [6.751, 44.164], [6.701, 44.177], [6.714, 44.218], [6.728, 44.253], [6.79, 44.272], [6.823, 44.215]]]}}, {"type": "Feature", "properties": {"code": "06058", "apl": 0.0, "pop": 615, "communeName": "Escragnolles", "dept": "06", "category": "severe"}, "geometry": {"type": "Polygon", "coordinates": [[[6.775, 43.694], [6.767, 43.722], [6.746, 43.737], [6.712, 43.74], [6.743, 43.753], [6.784, 43.748], [6.806, 43.749], [6.84, 43.731], [6.812, 43.724], [6.787, 43.695], [6.775, 43.694]]]}}, {"type": "Feature", "properties": {"code": "06061", "apl": 0.0, "pop": 92, "communeName": "Les Ferres", "dept": "06", "category": "severe"}, "geometry": {"type": "Polygon", "coordinates": [[[7.125, 43.854], [7.128, 43.849], [7.089, 43.823], [7.065, 43.826], [7.072, 43.855], [7.101, 43.861], [7.125, 43.854]]]}}, {"type": "Feature", "properties": {"code": "06063", "apl": 0.0, "pop": 76, "communeName": "Gars", "dept": "06", "category": "severe"}, "geometry": {"type": "Polygon", "coordinates": [[[6.806, 43.841], [6.794, 43.843], [6.792, 43.876], [6.822, 43.881], [6.852, 43.851], [6.806, 43.841]]]}}, {"type": "Feature", "properties": {"code": "06067", "apl": 0.0, "pop": 1527, "communeName": "Gorbio", "dept": "06", "category": "severe"}, "geometry": {"type": "Polygon", "coordinates": [[[7.473, 43.782], [7.471, 43.777], [7.436, 43.777], [7.443, 43.8], [7.473, 43.782]]]}}, {"type": "Feature", "properties": {"code": "06072", "apl": 0.0, "pop": 142, "communeName": "Ilonse", "dept": "06", "category": "severe"}, "geometry": {"type": "Polygon", "coordinates": [[[7.093, 43.992], [7.08, 43.994], [7.07, 44.003], [7.053, 44.022], [7.059, 44.04], [7.048, 44.061], [7.066, 44.072], [7.083, 44.071], [7.114, 44.064], [7.129, 44.046], [7.128, 44.044], [7.131, 44.014], [7.093, 43.992]]]}}, {"type": "Feature", "properties": {"code": "06076", "apl": 0.0, "pop": 50, "communeName": "Lieuche", "dept": "06", "category": "severe"}, "geometry": {"type": "Polygon", "coordinates": [[[7.011, 43.98], [7.002, 44.004], [7.053, 44.022], [7.07, 44.003], [7.011, 43.98]]]}}, {"type": "Feature", "properties": {"code": "06081", "apl": 0.0, "pop": 99, "communeName": "Le Mas", "dept": "06", "category": "severe"}, "geometry": {"type": "Polygon", "coordinates": [[[6.907, 43.865], [6.912, 43.832], [6.859, 43.82], [6.802, 43.812], [6.806, 43.841], [6.852, 43.851], [6.907, 43.865]]]}}, {"type": "Feature", "properties": {"code": "06086", "apl": 0.0, "pop": 253, "communeName": "Moulinet", "dept": "06", "category": "severe"}, "geometry": {"type": "Polygon", "coordinates": [[[7.425, 43.997], [7.457, 43.95], [7.45, 43.934], [7.399, 43.91], [7.39, 43.934], [7.37, 43.94], [7.38, 43.967], [7.425, 43.997]]]}}, {"type": "Feature", "properties": {"code": "06087", "apl": 0.0, "pop": 40, "communeName": "Les Mujouls", "dept": "06", "category": "severe"}, "geometry": {"type": "Polygon", "coordinates": [[[6.907, 43.865], [6.852, 43.851], [6.822, 43.881], [6.835, 43.894], [6.888, 43.873], [6.907, 43.865]]]}}, {"type": "Feature", "properties": {"code": "06093", "apl": 0.0, "pop": 239, "communeName": "La Penne", "dept": "06", "category": "severe"}, "geometry": {"type": "Polygon", "coordinates": [[[6.9, 43.927], [6.892, 43.93], [6.914, 43.942], [6.962, 43.943], [6.98, 43.935], [6.973, 43.923], [6.953, 43.898], [6.942, 43.897], [6.913, 43.928], [6.9, 43.927]]]}}, {"type": "Feature", "properties": {"code": "06096", "apl": 0.0, "pop": 101, "communeName": "Pierlas", "dept": "06", "category": "severe"}, "geometry": {"type": "Polygon", "coordinates": [[[7.002, 44.004], [6.982, 44.012], [6.976, 44.04], [7.027, 44.067], [7.048, 44.061], [7.059, 44.04], [7.053, 44.022], [7.002, 44.004]]]}}, {"type": "Feature", "properties": {"code": "06101", "apl": 0.0, "pop": 169, "communeName": "Rigaud", "dept": "06", "category": "severe"}, "geometry": {"type": "Polygon", "coordinates": [[[7.011, 43.98], [6.993, 43.957], [6.962, 43.948], [6.955, 43.959], [6.977, 43.979], [6.943, 44.013], [6.95, 44.038], [6.976, 44.04], [6.982, 44.012], [7.002, 44.004], [7.011, 43.98]]]}}, {"type": "Feature", "properties": {"code": "06113", "apl": 0.0, "pop": 1351, "communeName": "Sainte-Agnès", "dept": "06", "category": "severe"}, "geometry": {"type": "Polygon", "coordinates": [[[7.443, 43.8], [7.448, 43.827], [7.467, 43.825], [7.481, 43.796], [7.473, 43.782], [7.443, 43.8]]]}}, {"type": "Feature", "properties": {"code": "06115", "apl": 0.0, "pop": 85, "communeName": "Saint-Antonin", "dept": "06", "category": "severe"}, "geometry": {"type": "Polygon", "coordinates": [[[6.993, 43.902], [6.953, 43.898], [6.973, 43.923], [6.993, 43.902]]]}}, {"type": "Feature", "properties": {"code": "06116", "apl": 0.0, "pop": 213, "communeName": "Saint-Auban", "dept": "06", "category": "severe"}, "geometry": {"type": "Polygon", "coordinates": [[[6.703, 43.856], [6.794, 43.843], [6.806, 43.841], [6.802, 43.812], [6.77, 43.806], [6.71, 43.811], [6.703, 43.824], [6.668, 43.831], [6.678, 43.852], [6.703, 43.856]]]}}, {"type": "Feature", "properties": {"code": "06124", "apl": 0.0, "pop": 52, "communeName": "Saint-Léger", "dept": "06", "category": "severe"}, "geometry": {"type": "Polygon", "coordinates": [[[6.839, 43.99], [6.795, 44.008], [6.836, 44.011], [6.839, 43.99]]]}}, {"type": "Feature", "properties": {"code": "06125", "apl": 0.0, "pop": 153, "communeName": "Saint-Martin-d'Entraunes", "dept": "06", "category": "severe"}, "geometry": {"type": "Polygon", "coordinates": [[[6.725, 44.111], [6.719, 44.118], [6.708, 44.124], [6.701, 44.177], [6.751, 44.164], [6.803, 44.177], [6.812, 44.174], [6.807, 44.161], [6.725, 44.111]]]}}, {"type": "Feature", "properties": {"code": "06131", "apl": 0.0, "pop": 47, "communeName": "Sallagriffon", "dept": "06", "category": "severe"}, "geometry": {"type": "Polygon", "coordinates": [[[6.892, 43.89], [6.919, 43.894], [6.938, 43.897], [6.937, 43.883], [6.936, 43.88], [6.907, 43.865], [6.888, 43.873], [6.892, 43.89]]]}}, {"type": "Feature", "properties": {"code": "06133", "apl": 0.0, "pop": 70, "communeName": "Sauze", "dept": "06", "category": "severe"}, "geometry": {"type": "Polygon", "coordinates": [[[6.756, 44.08], [6.75, 44.087], [6.787, 44.11], [6.81, 44.106], [6.84, 44.099], [6.845, 44.063], [6.817, 44.073], [6.791, 44.063], [6.756, 44.08]]]}}, {"type": "Feature", "properties": {"code": "06139", "apl": 0.0, "pop": 103, "communeName": "Thiéry", "dept": "06", "category": "severe"}, "geometry": {"type": "Polygon", "coordinates": [[[6.993, 43.957], [7.011, 43.98], [7.07, 44.003], [7.08, 43.994], [7.056, 43.947], [7.013, 43.961], [6.993, 43.957]]]}}, {"type": "Feature", "properties": {"code": "06144", "apl": 0.0, "pop": 539, "communeName": "La Tour", "dept": "06", "category": "severe"}, "geometry": {"type": "Polygon", "coordinates": [[[7.188, 43.925], [7.152, 43.964], [7.173, 43.968], [7.206, 44.002], [7.225, 44.004], [7.24, 43.953], [7.215, 43.934], [7.188, 43.925]]]}}, {"type": "Feature", "properties": {"code": "06151", "apl": 0.0, "pop": 844, "communeName": "Utelle", "dept": "06", "category": "severe"}, "geometry": {"type": "Polygon", "coordinates": [[[7.197, 43.86], [7.189, 43.878], [7.188, 43.894], [7.185, 43.912], [7.188, 43.925], [7.215, 43.934], [7.24, 43.953], [7.225, 44.004], [7.234, 44.017], [7.25, 44.017], [7.27, 43.951], [7.293, 43.941], [7.307, 43.918], [7.254, 43.903], [7.244, 43.882], [7.197, 43.86]]]}}, {"type": "Feature", "properties": {"code": "07004", "apl": 0.0, "pop": 80, "communeName": "Ajoux", "dept": "07", "category": "severe"}, "geometry": {"type": "Polygon", "coordinates": [[[4.453, 44.755], [4.497, 44.775], [4.507, 44.778], [4.515, 44.779], [4.513, 44.758], [4.479, 44.73], [4.453, 44.755]]]}}, {"type": "Feature", "properties": {"code": "07029", "apl": 0.0, "pop": 258, "communeName": "Beaumont", "dept": "07", "category": "severe"}, "geometry": {"type": "Polygon", "coordinates": [[[4.191, 44.542], [4.197, 44.514], [4.18, 44.52], [4.141, 44.521], [4.15, 44.558], [4.15, 44.56], [4.162, 44.573], [4.174, 44.57], [4.191, 44.542]]]}}, {"type": "Feature", "properties": {"code": "07032", "apl": 0.0, "pop": 159, "communeName": "Berzème", "dept": "07", "category": "severe"}, "geometry": {"type": "Polygon", "coordinates": [[[4.601, 44.641], [4.602, 44.641], [4.577, 44.628], [4.561, 44.625], [4.547, 44.663], [4.551, 44.675], [4.562, 44.679], [4.588, 44.678], [4.6, 44.658], [4.601, 44.641]]]}}, {"type": "Feature", "properties": {"code": "07037", "apl": 0.0, "pop": 147, "communeName": "Borée", "dept": "07", "category": "severe"}, "geometry": {"type": "Polygon", "coordinates": [[[4.194, 44.867], [4.187, 44.869], [4.178, 44.886], [4.19, 44.914], [4.253, 44.909], [4.266, 44.921], [4.29, 44.917], [4.282, 44.892], [4.253, 44.894], [4.237, 44.875], [4.194, 44.867]]]}}, {"type": "Feature", "properties": {"code": "07038", "apl": 0.0, "pop": 47, "communeName": "Borne", "dept": "07", "category": "severe"}, "geometry": {"type": "Polygon", "coordinates": [[[4.065, 44.607], [4.044, 44.609], [4.027, 44.58], [4.032, 44.57], [4.013, 44.58], [3.992, 44.593], [3.999, 44.629], [4.034, 44.629], [4.04, 44.651], [4.066, 44.652], [4.097, 44.635], [4.098, 44.623], [4.065, 44.607]]]}}, {"type": "Feature", "properties": {"code": "07068", "apl": 0.0, "pop": 568, "communeName": "Colombier-le-Jeune", "dept": "07", "category": "severe"}, "geometry": {"type": "Polygon", "coordinates": [[[4.669, 45.012], [4.714, 45.032], [4.753, 45.024], [4.753, 45.008], [4.712, 44.989], [4.669, 45.012]]]}}, {"type": "Feature", "properties": {"code": "07081", "apl": 0.0, "pop": 71, "communeName": "Dompnac", "dept": "07", "category": "severe"}, "geometry": {"type": "Polygon", "coordinates": [[[4.087, 44.584], [4.15, 44.56], [4.15, 44.558], [4.109, 44.547], [4.102, 44.535], [4.081, 44.563], [4.079, 44.581], [4.087, 44.584]]]}}, {"type": "Feature", "properties": {"code": "07092", "apl": 0.0, "pop": 45, "communeName": "Freyssenet", "dept": "07", "category": "severe"}, "geometry": {"type": "Polygon", "coordinates": [[[4.562, 44.679], [4.551, 44.675], [4.534, 44.673], [4.511, 44.698], [4.554, 44.696], [4.575, 44.707], [4.582, 44.697], [4.573, 44.689], [4.562, 44.679]]]}}, {"type": "Feature", "properties": {"code": "07094", "apl": 0.0, "pop": 176, "communeName": "Gilhac-et-Bruzac", "dept": "07", "category": "severe"}, "geometry": {"type": "Polygon", "coordinates": [[[4.704, 44.871], [4.693, 44.882], [4.737, 44.886], [4.783, 44.877], [4.801, 44.845], [4.765, 44.848], [4.709, 44.837], [4.704, 44.871]]]}}, {"type": "Feature", "properties": {"code": "07098", "apl": 0.0, "pop": 79, "communeName": "Gourdon", "dept": "07", "category": "severe"}, "geometry": {"type": "Polygon", "coordinates": [[[4.428, 44.73], [4.441, 44.753], [4.453, 44.755], [4.479, 44.73], [4.501, 44.728], [4.493, 44.719], [4.453, 44.711], [4.431, 44.713], [4.428, 44.73]]]}}, {"type": "Feature", "properties": {"code": "07099", "apl": 0.0, "pop": 603, "communeName": "Gras", "dept": "07", "category": "severe"}, "geometry": {"type": "Polygon", "coordinates": [[[4.468, 44.441], [4.479, 44.465], [4.52, 44.486], [4.562, 44.472], [4.587, 44.48], [4.585, 44.429], [4.605, 44.431], [4.559, 44.414], [4.57, 44.395], [4.553, 44.395], [4.544, 44.41], [4.501, 44.417], [4.468, 44.441]]]}}, {"type": "Feature", "properties": {"code": "07104", "apl": 0.0, "pop": 99, "communeName": "Issamoulenc", "dept": "07", "category": "severe"}, "geometry": {"type": "Polygon", "coordinates": [[[4.414, 44.801], [4.451, 44.807], [4.478, 44.798], [4.507, 44.778], [4.497, 44.775], [4.459, 44.771], [4.443, 44.786], [4.396, 44.785], [4.414, 44.801]]]}}, {"type": "Feature", "properties": {"code": "07106", "apl": 0.0, "pop": 125, "communeName": "Issarlès", "dept": "07", "category": "severe"}, "geometry": {"type": "Polygon", "coordinates": [[[4.085, 44.853], [4.041, 44.825], [4.029, 44.835], [4.02, 44.846], [4.029, 44.866], [4.078, 44.87], [4.088, 44.87], [4.085, 44.853]]]}}, {"type": "Feature", "properties": {"code": "07118", "apl": 0.0, "pop": 145, "communeName": "Laboule", "dept": "07", "category": "severe"}, "geometry": {"type": "Polygon", "coordinates": [[[4.135, 44.611], [4.185, 44.612], [4.198, 44.603], [4.209, 44.6], [4.174, 44.57], [4.162, 44.573], [4.135, 44.598], [4.135, 44.611]]]}}, {"type": "Feature", "properties": {"code": "07144", "apl": 0.0, "pop": 47, "communeName": "Loubaresse", "dept": "07", "category": "severe"}, "geometry": {"type": "Polygon", "coordinates": [[[4.027, 44.58], [4.044, 44.609], [4.065, 44.607], [4.087, 44.584], [4.079, 44.581], [4.027, 44.58]]]}}, {"type": "Feature", "properties": {"code": "07163", "apl": 0.0, "pop": 85, "communeName": "Montselgues", "dept": "07", "category": "severe"}, "geometry": {"type": "Polygon", "coordinates": [[[3.961, 44.553], [3.978, 44.556], [4.013, 44.58], [4.032, 44.57], [4.021, 44.559], [4.031, 44.527], [4.048, 44.518], [4.016, 44.52], [4.025, 44.491], [4.012, 44.473], [4.006, 44.503], [3.977, 44.517], [3.966, 44.538], [3.961, 44.553]]]}}, {"type": "Feature", "properties": {"code": "07173", "apl": 0.0, "pop": 50, "communeName": "Péreyres", "dept": "07", "category": "severe"}, "geometry": {"type": "Polygon", "coordinates": [[[4.279, 44.765], [4.231, 44.778], [4.255, 44.799], [4.288, 44.788], [4.279, 44.765]]]}}, {"type": "Feature", "properties": {"code": "07202", "apl": 0.0, "pop": 170, "communeName": "Sablières", "dept": "07", "category": "severe"}, "geometry": {"type": "Polygon", "coordinates": [[[4.113, 44.516], [4.066, 44.509], [4.048, 44.518], [4.031, 44.527], [4.021, 44.559], [4.032, 44.57], [4.027, 44.58], [4.079, 44.581], [4.081, 44.563], [4.102, 44.535], [4.113, 44.525], [4.113, 44.516]]]}}, {"type": "Feature", "properties": {"code": "07213", "apl": 0.0, "pop": 159, "communeName": "Saint-André-Lachamp", "dept": "07", "category": "severe"}, "geometry": {"type": "Polygon", "coordinates": [[[4.113, 44.525], [4.141, 44.521], [4.18, 44.52], [4.198, 44.487], [4.181, 44.486], [4.136, 44.494], [4.124, 44.503], [4.113, 44.516], [4.113, 44.525]]]}}, {"type": "Feature", "properties": {"code": "07232", "apl": 0.0, "pop": 408, "communeName": "Saint-Étienne-de-Lugdarès", "dept": "07", "category": "severe"}, "geometry": {"type": "Polygon", "coordinates": [[[3.895, 44.65], [3.93, 44.66], [3.936, 44.675], [3.993, 44.675], [4.04, 44.651], [4.034, 44.629], [3.999, 44.629], [3.959, 44.617], [3.932, 44.632], [3.895, 44.642], [3.895, 44.65]]]}}, {"type": "Feature", "properties": {"code": "07239", "apl": 0.0, "pop": 112, "communeName": "Saint-Genest-Lachamp", "dept": "07", "category": "severe"}, "geometry": {"type": "Polygon", "coordinates": [[[4.384, 44.833], [4.381, 44.832], [4.374, 44.838], [4.397, 44.867], [4.434, 44.854], [4.477, 44.86], [4.473, 44.85], [4.445, 44.827], [4.384, 44.833]]]}}, {"type": "Feature", "properties": {"code": "07253", "apl": 0.0, "pop": 168, "communeName": "Saint-Julien-du-Gua", "dept": "07", "category": "severe"}, "geometry": {"type": "Polygon", "coordinates": [[[4.497, 44.775], [4.453, 44.755], [4.441, 44.753], [4.39, 44.776], [4.386, 44.779], [4.396, 44.785], [4.443, 44.786], [4.459, 44.771], [4.497, 44.775]]]}}, {"type": "Feature", "properties": {"code": "07262", "apl": 0.0, "pop": 180, "communeName": "Saint-Laurent-les-Bains-Laval-d'Aurelle", "dept": "07", "category": "severe"}, "geometry": {"type": "Polygon", "coordinates": [[[3.923, 44.572], [3.906, 44.592], [3.921, 44.609], [3.959, 44.617], [3.999, 44.629], [3.992, 44.593], [4.013, 44.58], [3.978, 44.556], [3.961, 44.553], [3.949, 44.573], [3.923, 44.572]]]}}, {"type": "Feature", "properties": {"code": "07275", "apl": 0.0, "pop": 96, "communeName": "Saint-Mélany", "dept": "07", "category": "severe"}, "geometry": {"type": "Polygon", "coordinates": [[[4.141, 44.521], [4.113, 44.525], [4.102, 44.535], [4.109, 44.547], [4.15, 44.558], [4.141, 44.521]]]}}, {"type": "Feature", "properties": {"code": "07329", "apl": 0.0, "pop": 417, "communeName": "Valgorge", "dept": "07", "category": "severe"}, "geometry": {"type": "Polygon", "coordinates": [[[4.15, 44.56], [4.087, 44.584], [4.065, 44.607], [4.098, 44.623], [4.135, 44.611], [4.135, 44.598], [4.162, 44.573], [4.15, 44.56]]]}}, {"type": "Feature", "properties": {"code": "09020", "apl": 0.0, "pop": 33, "communeName": "Artigues", "dept": "09", "category": "severe"}, "geometry": {"type": "Polygon", "coordinates": [[[2.079, 42.724], [2.045, 42.699], [2.042, 42.68], [2.019, 42.654], [2.002, 42.661], [2.007, 42.671], [2.044, 42.711], [2.07, 42.727], [2.079, 42.724]]]}}, {"type": "Feature", "properties": {"code": "09078", "apl": 0.0, "pop": 72, "communeName": "Carcanières", "dept": "09", "category": "severe"}, "geometry": {"type": "Polygon", "coordinates": [[[2.114, 42.725], [2.141, 42.706], [2.119, 42.694], [2.103, 42.712], [2.114, 42.725]]]}}, {"type": "Feature", "properties": {"code": "09134", "apl": 0.0, "pop": 33, "communeName": "Gestiès", "dept": "09", "category": "severe"}, "geometry": {"type": "Polygon", "coordinates": [[[1.571, 42.782], [1.613, 42.749], [1.613, 42.726], [1.584, 42.713], [1.596, 42.685], [1.575, 42.648], [1.553, 42.654], [1.579, 42.713], [1.582, 42.747], [1.571, 42.782]]]}}, {"type": "Feature", "properties": {"code": "09139", "apl": 0.0, "pop": 105, "communeName": "L'Hospitalet-près-l'Andorre", "dept": "09", "category": "severe"}, "geometry": {"type": "Polygon", "coordinates": [[[1.825, 42.581], [1.786, 42.574], [1.726, 42.59], [1.738, 42.612], [1.785, 42.615], [1.813, 42.606], [1.825, 42.581]]]}}, {"type": "Feature", "properties": {"code": "09152", "apl": 0.0, "pop": 19, "communeName": "Lapège", "dept": "09", "category": "severe"}, "geometry": {"type": "Polygon", "coordinates": [[[1.526, 42.809], [1.544, 42.82], [1.563, 42.813], [1.585, 42.803], [1.558, 42.785], [1.526, 42.809]]]}}, {"type": "Feature", "properties": {"code": "09156", "apl": 0.0, "pop": 19, "communeName": "Larnat", "dept": "09", "category": "severe"}, "geometry": {"type": "Polygon", "coordinates": [[[1.613, 42.811], [1.611, 42.814], [1.637, 42.807], [1.631, 42.773], [1.613, 42.811]]]}}, {"type": "Feature", "properties": {"code": "09162", "apl": 0.0, "pop": 14, "communeName": "Lercoul", "dept": "09", "category": "severe"}, "geometry": {"type": "Polygon", "coordinates": [[[1.54, 42.772], [1.549, 42.776], [1.555, 42.758], [1.529, 42.708], [1.532, 42.681], [1.522, 42.649], [1.494, 42.653], [1.518, 42.673], [1.516, 42.72], [1.536, 42.741], [1.54, 42.772]]]}}, {"type": "Feature", "properties": {"code": "09193", "apl": 0.0, "pop": 59, "communeName": "Mijanès", "dept": "09", "category": "severe"}, "geometry": {"type": "Polygon", "coordinates": [[[1.991, 42.735], [1.999, 42.736], [2.004, 42.733], [2.02, 42.74], [2.031, 42.741], [2.064, 42.74], [2.07, 42.727], [2.044, 42.711], [2.007, 42.671], [1.971, 42.687], [1.966, 42.709], [1.991, 42.735]]]}}, {"type": "Feature", "properties": {"code": "09196", "apl": 0.0, "pop": 79, "communeName": "Montagagne", "dept": "09", "category": "severe"}, "geometry": {"type": "Polygon", "coordinates": [[[1.397, 42.98], [1.401, 42.981], [1.412, 42.986], [1.427, 42.958], [1.411, 42.94], [1.397, 42.98]]]}}, {"type": "Feature", "properties": {"code": "09230", "apl": 0.0, "pop": 62, "communeName": "Le Pla", "dept": "09", "category": "severe"}, "geometry": {"type": "Polygon", "coordinates": [[[2.047, 42.664], [2.043, 42.658], [2.019, 42.654], [2.042, 42.68], [2.045, 42.699], [2.079, 42.724], [2.087, 42.723], [2.089, 42.712], [2.047, 42.664]]]}}, {"type": "Feature", "properties": {"code": "09237", "apl": 0.0, "pop": 29, "communeName": "Le Puch", "dept": "09", "category": "severe"}, "geometry": {"type": "Polygon", "coordinates": [[[2.087, 42.723], [2.101, 42.732], [2.114, 42.725], [2.103, 42.712], [2.089, 42.712], [2.087, 42.723]]]}}, {"type": "Feature", "properties": {"code": "09239", "apl": 0.0, "pop": 138, "communeName": "Quérigut", "dept": "09", "category": "severe"}, "geometry": {"type": "Polygon", "coordinates": [[[2.103, 42.712], [2.119, 42.694], [2.141, 42.706], [2.176, 42.683], [2.166, 42.664], [2.128, 42.672], [2.096, 42.664], [2.047, 42.664], [2.089, 42.712], [2.103, 42.712]]]}}, {"type": "Feature", "properties": {"code": "09252", "apl": 0.0, "pop": 88, "communeName": "Rouze", "dept": "09", "category": "severe"}, "geometry": {"type": "Polygon", "coordinates": [[[2.086, 42.752], [2.101, 42.732], [2.087, 42.723], [2.079, 42.724], [2.07, 42.727], [2.064, 42.74], [2.031, 42.741], [2.057, 42.756], [2.085, 42.752], [2.086, 42.752]]]}}, {"type": "Feature", "properties": {"code": "11007", "apl": 0.0, "pop": 115, "communeName": "Albières", "dept": "11", "category": "severe"}, "geometry": {"type": "Polygon", "coordinates": [[[2.42, 42.932], [2.412, 42.957], [2.459, 42.962], [2.489, 42.955], [2.473, 42.934], [2.454, 42.933], [2.42, 42.932]]]}}, {"type": "Feature", "properties": {"code": "11019", "apl": 0.0, "pop": 62, "communeName": "Aunat", "dept": "11", "category": "severe"}, "geometry": {"type": "Polygon", "coordinates": [[[2.129, 42.772], [2.104, 42.767], [2.075, 42.778], [2.088, 42.811], [2.101, 42.812], [2.118, 42.799], [2.129, 42.772]]]}}, {"type": "Feature", "properties": {"code": "11020", "apl": 0.0, "pop": 34, "communeName": "Auriac", "dept": "11", "category": "severe"}, "geometry": {"type": "Polygon", "coordinates": [[[2.454, 42.933], [2.473, 42.934], [2.489, 42.955], [2.503, 42.95], [2.527, 42.939], [2.529, 42.92], [2.521, 42.908], [2.476, 42.895], [2.454, 42.933]]]}}, {"type": "Feature", "properties": {"code": "11038", "apl": 0.0, "pop": 51, "communeName": "Bessède-de-Sault", "dept": "11", "category": "severe"}, "geometry": {"type": "Polygon", "coordinates": [[[2.139, 42.802], [2.148, 42.785], [2.182, 42.774], [2.185, 42.765], [2.141, 42.763], [2.129, 42.772], [2.118, 42.799], [2.101, 42.812], [2.099, 42.819], [2.139, 42.802]]]}}, {"type": "Feature", "properties": {"code": "11044", "apl": 0.0, "pop": 101, "communeName": "Bouisse", "dept": "11", "category": "severe"}, "geometry": {"type": "Polygon", "coordinates": [[[2.434, 43.023], [2.452, 43.02], [2.455, 43.006], [2.464, 42.979], [2.459, 42.962], [2.412, 42.957], [2.386, 42.972], [2.415, 42.99], [2.434, 43.023]]]}}, {"type": "Feature", "properties": {"code": "11047", "apl": 0.0, "pop": 49, "communeName": "Le Bousquet", "dept": "11", "category": "severe"}, "geometry": {"type": "Polygon", "coordinates": [[[2.185, 42.765], [2.177, 42.727], [2.214, 42.701], [2.195, 42.686], [2.192, 42.659], [2.192, 42.652], [2.176, 42.649], [2.176, 42.653], [2.18, 42.695], [2.151, 42.732], [2.141, 42.763], [2.185, 42.765]]]}}, {"type": "Feature", "properties": {"code": "11055", "apl": 0.0, "pop": 240, "communeName": "Bugarach", "dept": "11", "category": "severe"}, "geometry": {"type": "Polygon", "coordinates": [[[2.382, 42.849], [2.371, 42.846], [2.329, 42.863], [2.298, 42.899], [2.313, 42.901], [2.389, 42.888], [2.413, 42.895], [2.383, 42.869], [2.382, 42.849]]]}}, {"type": "Feature", "properties": {"code": "11062", "apl": 0.0, "pop": 19, "communeName": "Campagna-de-Sault", "dept": "11", "category": "severe"}, "geometry": {"type": "Polygon", "coordinates": [[[2.031, 42.741], [2.02, 42.74], [2.024, 42.77], [2.045, 42.774], [2.06, 42.77], [2.085, 42.752], [2.057, 42.756], [2.031, 42.741]]]}}, {"type": "Feature", "properties": {"code": "11075", "apl": 0.0, "pop": 131, "communeName": "Castans", "dept": "11", "category": "severe"}, "geometry": {"type": "Polygon", "coordinates": [[[2.495, 43.437], [2.519, 43.424], [2.512, 43.404], [2.469, 43.396], [2.47, 43.435], [2.474, 43.437], [2.495, 43.437]]]}}, {"type": "Feature", "properties": {"code": "11082", "apl": 0.0, "pop": 10, "communeName": "Caunette-sur-Lauquet", "dept": "11", "category": "severe"}, "geometry": {"type": "Polygon", "coordinates": [[[2.452, 43.02], [2.434, 43.023], [2.389, 43.035], [2.388, 43.036], [2.388, 43.037], [2.456, 43.031], [2.452, 43.02]]]}}, {"type": "Feature", "properties": {"code": "11093", "apl": 0.0, "pop": 28, "communeName": "Le Clat", "dept": "11", "category": "severe"}, "geometry": {"type": "Polygon", "coordinates": [[[2.174, 42.804], [2.186, 42.796], [2.203, 42.771], [2.182, 42.774], [2.148, 42.785], [2.139, 42.802], [2.174, 42.804]]]}}, {"type": "Feature", "properties": {"code": "11094", "apl": 0.0, "pop": 29, "communeName": "Clermont-sur-Lauquet", "dept": "11", "category": "severe"}, "geometry": {"type": "Polygon", "coordinates": [[[2.466, 43.031], [2.456, 43.031], [2.388, 43.037], [2.396, 43.054], [2.431, 43.067], [2.445, 43.06], [2.471, 43.046], [2.466, 43.031]]]}}, {"type": "Feature", "properties": {"code": "11101", "apl": 0.0, "pop": 52, "communeName": "Coudons", "dept": "11", "category": "severe"}, "geometry": {"type": "Polygon", "coordinates": [[[2.153, 42.85], [2.128, 42.847], [2.092, 42.873], [2.13, 42.874], [2.133, 42.867], [2.153, 42.85]]]}}, {"type": "Feature", "properties": {"code": "11104", "apl": 0.0, "pop": 54, "communeName": "Counozouls", "dept": "11", "category": "severe"}, "geometry": {"type": "Polygon", "coordinates": [[[2.224, 42.742], [2.254, 42.729], [2.265, 42.709], [2.239, 42.676], [2.192, 42.659], [2.195, 42.686], [2.214, 42.701], [2.224, 42.742]]]}}, {"type": "Feature", "properties": {"code": "11118", "apl": 0.0, "pop": 45, "communeName": "Dernacueillette", "dept": "11", "category": "severe"}, "geometry": {"type": "Polygon", "coordinates": [[[2.624, 42.919], [2.593, 42.913], [2.569, 42.934], [2.582, 42.946], [2.602, 42.938], [2.624, 42.919]]]}}, {"type": "Feature", "properties": {"code": "11123", "apl": 0.0, "pop": 148, "communeName": "Duilhac-sous-Peyrepertuse", "dept": "11", "category": "severe"}, "geometry": {"type": "Polygon", "coordinates": [[[2.559, 42.846], [2.516, 42.845], [2.533, 42.865], [2.566, 42.872], [2.594, 42.898], [2.609, 42.884], [2.609, 42.884], [2.6, 42.859], [2.572, 42.843], [2.559, 42.846]]]}}, {"type": "Feature", "properties": {"code": "11127", "apl": 0.0, "pop": 70, "communeName": "Escouloubre", "dept": "11", "category": "severe"}, "geometry": {"type": "Polygon", "coordinates": [[[2.101, 42.732], [2.086, 42.752], [2.104, 42.767], [2.129, 42.772], [2.141, 42.763], [2.151, 42.732], [2.18, 42.695], [2.176, 42.653], [2.166, 42.664], [2.176, 42.683], [2.141, 42.706], [2.114, 42.725], [2.101, 42.732]]]}}, {"type": "Feature", "properties": {"code": "11135", "apl": 0.0, "pop": 12, "communeName": "La Fajolle", "dept": "11", "category": "severe"}, "geometry": {"type": "Polygon", "coordinates": [[[1.999, 42.736], [1.991, 42.735], [1.951, 42.737], [1.932, 42.751], [1.93, 42.755], [1.975, 42.773], [1.999, 42.736]]]}}, {"type": "Feature", "properties": {"code": "11147", "apl": 0.0, "pop": 5, "communeName": "Fontanès-de-Sault", "dept": "11", "category": "severe"}, "geometry": {"type": "Polygon", "coordinates": [[[2.06, 42.77], [2.075, 42.778], [2.104, 42.767], [2.086, 42.752], [2.085, 42.752], [2.06, 42.77]]]}}, {"type": "Feature", "properties": {"code": "11155", "apl": 0.0, "pop": 79, "communeName": "Fourtou", "dept": "11", "category": "severe"}, "geometry": {"type": "Polygon", "coordinates": [[[2.466, 42.891], [2.442, 42.886], [2.413, 42.895], [2.409, 42.917], [2.42, 42.932], [2.454, 42.933], [2.476, 42.895], [2.466, 42.891]]]}}, {"type": "Feature", "properties": {"code": "11160", "apl": 0.0, "pop": 33, "communeName": "Galinagues", "dept": "11", "category": "severe"}, "geometry": {"type": "Polygon", "coordinates": [[[2.034, 42.81], [2.039, 42.816], [2.053, 42.818], [2.048, 42.789], [2.034, 42.81]]]}}, {"type": "Feature", "properties": {"code": "11177", "apl": 0.0, "pop": 31, "communeName": "Joucou", "dept": "11", "category": "severe"}, "geometry": {"type": "Polygon", "coordinates": [[[2.088, 42.811], [2.064, 42.826], [2.064, 42.836], [2.104, 42.838], [2.099, 42.819], [2.101, 42.812], [2.088, 42.811]]]}}, {"type": "Feature", "properties": {"code": "11180", "apl": 0.0, "pop": 59, "communeName": "Labastide-Esparbairenque", "dept": "11", "category": "severe"}, "geometry": {"type": "Polygon", "coordinates": [[[2.407, 43.419], [2.412, 43.396], [2.444, 43.38], [2.439, 43.376], [2.393, 43.37], [2.383, 43.37], [2.375, 43.423], [2.407, 43.419]]]}}, {"type": "Feature", "properties": {"code": "11186", "apl": 0.0, "pop": 53, "communeName": "Lairière", "dept": "11", "category": "severe"}, "geometry": {"type": "Polygon", "coordinates": [[[2.452, 43.02], [2.456, 43.031], [2.466, 43.031], [2.486, 43.049], [2.492, 43.05], [2.499, 43.045], [2.51, 43.035], [2.502, 43.009], [2.455, 43.006], [2.452, 43.02]]]}}, {"type": "Feature", "properties": {"code": "11187", "apl": 0.0, "pop": 58, "communeName": "Lanet", "dept": "11", "category": "severe"}, "geometry": {"type": "Polygon", "coordinates": [[[2.459, 42.962], [2.464, 42.979], [2.478, 42.979], [2.514, 42.973], [2.503, 42.95], [2.489, 42.955], [2.459, 42.962]]]}}, {"type": "Feature", "properties": {"code": "11224", "apl": 0.0, "pop": 26, "communeName": "Massac", "dept": "11", "category": "severe"}, "geometry": {"type": "Polygon", "coordinates": [[[2.583, 42.911], [2.529, 42.904], [2.521, 42.908], [2.529, 42.92], [2.569, 42.934], [2.593, 42.913], [2.583, 42.911]]]}}, {"type": "Feature", "properties": {"code": "11230", "apl": 0.0, "pop": 33, "communeName": "Mérial", "dept": "11", "category": "severe"}, "geometry": {"type": "Polygon", "coordinates": [[[1.93, 42.755], [1.909, 42.765], [1.929, 42.775], [1.949, 42.786], [1.984, 42.797], [2.003, 42.758], [2.004, 42.733], [1.999, 42.736], [1.975, 42.773], [1.93, 42.755]]]}}, {"type": "Feature", "properties": {"code": "11235", "apl": 0.0, "pop": 57, "communeName": "Missègre", "dept": "11", "category": "severe"}, "geometry": {"type": "Polygon", "coordinates": [[[2.354, 43.007], [2.379, 43.017], [2.395, 42.994], [2.36, 42.99], [2.354, 43.007]]]}}, {"type": "Feature", "properties": {"code": "11245", "apl": 0.0, "pop": 37, "communeName": "Montgaillard", "dept": "11", "category": "severe"}, "geometry": {"type": "Polygon", "coordinates": [[[2.594, 42.898], [2.583, 42.911], [2.593, 42.913], [2.624, 42.919], [2.68, 42.91], [2.663, 42.895], [2.609, 42.884], [2.594, 42.898]]]}}, {"type": "Feature", "properties": {"code": "11250", "apl": 0.0, "pop": 38, "communeName": "Montjoi", "dept": "11", "category": "severe"}, "geometry": {"type": "Polygon", "coordinates": [[[2.464, 42.979], [2.455, 43.006], [2.502, 43.009], [2.503, 43.003], [2.478, 42.979], [2.464, 42.979]]]}}, {"type": "Feature", "properties": {"code": "11297", "apl": 0.0, "pop": 154, "communeName": "Pradelles-Cabardès", "dept": "11", "category": "severe"}, "geometry": {"type": "Polygon", "coordinates": [[[2.444, 43.38], [2.412, 43.396], [2.407, 43.419], [2.428, 43.436], [2.47, 43.435], [2.469, 43.396], [2.444, 43.38]]]}}, {"type": "Feature", "properties": {"code": "11317", "apl": 0.0, "pop": 103, "communeName": "Rodome", "dept": "11", "category": "severe"}, "geometry": {"type": "Polygon", "coordinates": [[[2.075, 42.778], [2.06, 42.77], [2.045, 42.774], [2.048, 42.789], [2.053, 42.818], [2.064, 42.826], [2.088, 42.811], [2.075, 42.778]]]}}, {"type": "Feature", "properties": {"code": "11326", "apl": 0.0, "pop": 72, "communeName": "Rouffiac-des-Corbières", "dept": "11", "category": "severe"}, "geometry": {"type": "Polygon", "coordinates": [[[2.583, 42.911], [2.594, 42.898], [2.566, 42.872], [2.533, 42.865], [2.529, 42.904], [2.583, 42.911]]]}}, {"type": "Feature", "properties": {"code": "11374", "apl": 0.0, "pop": 24, "communeName": "Salza", "dept": "11", "category": "severe"}, "geometry": {"type": "Polygon", "coordinates": [[[2.535, 42.987], [2.514, 42.973], [2.478, 42.979], [2.503, 43.003], [2.535, 42.987]]]}}, {"type": "Feature", "properties": {"code": "11384", "apl": 0.0, "pop": 128, "communeName": "Soulatgé", "dept": "11", "category": "severe"}, "geometry": {"type": "Polygon", "coordinates": [[[2.516, 42.845], [2.5, 42.851], [2.466, 42.891], [2.476, 42.895], [2.521, 42.908], [2.529, 42.904], [2.533, 42.865], [2.516, 42.845]]]}}, {"type": "Feature", "properties": {"code": "11402", "apl": 0.0, "pop": 25, "communeName": "Valmigère", "dept": "11", "category": "severe"}, "geometry": {"type": "Polygon", "coordinates": [[[2.362, 42.983], [2.36, 42.99], [2.395, 42.994], [2.415, 42.99], [2.386, 42.972], [2.379, 42.97], [2.362, 42.983]]]}}, {"type": "Feature", "properties": {"code": "11409", "apl": 0.0, "pop": 106, "communeName": "Vignevieille", "dept": "11", "category": "severe"}, "geometry": {"type": "Polygon", "coordinates": [[[2.503, 43.003], [2.502, 43.009], [2.51, 43.035], [2.553, 43.035], [2.567, 43.022], [2.547, 43.012], [2.535, 42.987], [2.503, 43.003]]]}}, {"type": "Feature", "properties": {"code": "11412", "apl": 0.0, "pop": 57, "communeName": "Villardebelle", "dept": "11", "category": "severe"}, "geometry": {"type": "Polygon", "coordinates": [[[2.434, 43.023], [2.415, 42.99], [2.395, 42.994], [2.379, 43.017], [2.389, 43.035], [2.434, 43.023]]]}}, {"type": "Feature", "properties": {"code": "12009", "apl": 0.0, "pop": 41, "communeName": "Arnac-sur-Dourdou", "dept": "12", "category": "severe"}, "geometry": {"type": "Polygon", "coordinates": [[[2.935, 43.695], [2.922, 43.735], [2.951, 43.742], [2.969, 43.732], [2.958, 43.699], [2.935, 43.695]]]}}, {"type": "Feature", "properties": {"code": "12067", "apl": 0.0, "pop": 79, "communeName": "Le Clapier", "dept": "12", "category": "severe"}, "geometry": {"type": "Polygon", "coordinates": [[[3.223, 43.818], [3.151, 43.814], [3.147, 43.845], [3.191, 43.841], [3.237, 43.827], [3.223, 43.818]]]}}, {"type": "Feature", "properties": {"code": "12125", "apl": 0.0, "pop": 286, "communeName": "Laval-Roquecezière", "dept": "12", "category": "severe"}, "geometry": {"type": "Polygon", "coordinates": [[[2.662, 43.777], [2.657, 43.763], [2.63, 43.78], [2.6, 43.817], [2.628, 43.857], [2.643, 43.862], [2.64, 43.851], [2.665, 43.809], [2.662, 43.777]]]}}, {"type": "Feature", "properties": {"code": "12139", "apl": 0.0, "pop": 141, "communeName": "Marnhagues-et-Latour", "dept": "12", "category": "severe"}, "geometry": {"type": "Polygon", "coordinates": [[[3.06, 43.85], [3.011, 43.86], [3.009, 43.89], [3.029, 43.902], [3.054, 43.904], [3.084, 43.89], [3.06, 43.85]]]}}, {"type": "Feature", "properties": {"code": "12143", "apl": 0.0, "pop": 59, "communeName": "Mélagues", "dept": "12", "category": "severe"}, "geometry": {"type": "Polygon", "coordinates": [[[3.056, 43.755], [3.055, 43.715], [3.069, 43.707], [3.061, 43.693], [3.019, 43.696], [2.974, 43.705], [2.958, 43.699], [2.969, 43.732], [2.989, 43.768], [3.056, 43.755]]]}}, {"type": "Feature", "properties": {"code": "12147", "apl": 0.0, "pop": 144, "communeName": "Montagnol", "dept": "12", "category": "severe"}, "geometry": {"type": "Polygon", "coordinates": [[[3.011, 43.86], [3.06, 43.85], [3.065, 43.836], [3.049, 43.801], [3.012, 43.798], [2.99, 43.825], [2.977, 43.843], [3.011, 43.86]]]}}, {"type": "Feature", "properties": {"code": "12155", "apl": 0.0, "pop": 334, "communeName": "Fondamente", "dept": "12", "category": "severe"}, "geometry": {"type": "Polygon", "coordinates": [[[3.151, 43.814], [3.151, 43.814], [3.087, 43.836], [3.065, 43.836], [3.06, 43.85], [3.084, 43.89], [3.108, 43.888], [3.144, 43.899], [3.149, 43.884], [3.18, 43.874], [3.147, 43.845], [3.151, 43.814]]]}}, {"type": "Feature", "properties": {"code": "12204", "apl": 0.0, "pop": 177, "communeName": "La Roque-Sainte-Marguerite", "dept": "12", "category": "severe"}, "geometry": {"type": "Polygon", "coordinates": [[[3.324, 44.109], [3.263, 44.092], [3.234, 44.08], [3.244, 44.05], [3.224, 44.055], [3.215, 44.088], [3.194, 44.111], [3.179, 44.147], [3.203, 44.152], [3.216, 44.15], [3.239, 44.118], [3.259, 44.126], [3.324, 44.127], [3.324, 44.109]]]}}, {"type": "Feature", "properties": {"code": "12211", "apl": 0.0, "pop": 133, "communeName": "Saint-André-de-Vézines", "dept": "12", "category": "severe"}, "geometry": {"type": "Polygon", "coordinates": [[[3.33, 44.142], [3.324, 44.127], [3.259, 44.126], [3.239, 44.118], [3.216, 44.15], [3.231, 44.162], [3.275, 44.177], [3.317, 44.163], [3.33, 44.142]]]}}, {"type": "Feature", "properties": {"code": "12212", "apl": 0.0, "pop": 94, "communeName": "Saint-Beaulize", "dept": "12", "category": "severe"}, "geometry": {"type": "Polygon", "coordinates": [[[3.084, 43.89], [3.054, 43.904], [3.105, 43.933], [3.146, 43.921], [3.144, 43.899], [3.108, 43.888], [3.084, 43.89]]]}}, {"type": "Feature", "properties": {"code": "12228", "apl": 0.0, "pop": 313, "communeName": "Saint-Izaire", "dept": "12", "category": "severe"}, "geometry": {"type": "Polygon", "coordinates": [[[2.73, 43.938], [2.668, 43.953], [2.642, 43.986], [2.666, 43.993], [2.705, 43.982], [2.748, 44.005], [2.745, 43.991], [2.757, 43.97], [2.731, 43.954], [2.73, 43.938]]]}}, {"type": "Feature", "properties": {"code": "12275", "apl": 0.0, "pop": 34, "communeName": "Tauriac-de-Camarès", "dept": "12", "category": "severe"}, "geometry": {"type": "Polygon", "coordinates": [[[3.057, 43.783], [3.056, 43.755], [2.989, 43.768], [2.993, 43.788], [3.012, 43.798], [3.049, 43.801], [3.057, 43.783]]]}}, {"type": "Feature", "properties": {"code": "12284", "apl": 0.0, "pop": 345, "communeName": "Le Truel", "dept": "12", "category": "severe"}, "geometry": {"type": "Polygon", "coordinates": [[[2.732, 44.035], [2.715, 44.063], [2.722, 44.091], [2.765, 44.074], [2.77, 44.061], [2.787, 44.041], [2.775, 44.023], [2.744, 44.019], [2.732, 44.035]]]}}, {"type": "Feature", "properties": {"code": "12295", "apl": 0.0, "pop": 93, "communeName": "Viala-du-Pas-de-Jaux", "dept": "12", "category": "severe"}, "geometry": {"type": "Polygon", "coordinates": [[[3.101, 43.973], [3.093, 43.936], [3.062, 43.937], [3.04, 43.948], [3.045, 43.979], [3.063, 43.978], [3.101, 43.973]]]}}, {"type": "Feature", "properties": {"code": "15032", "apl": 0.0, "pop": 57, "communeName": "Celoux", "dept": "15", "category": "severe"}, "geometry": {"type": "Polygon", "coordinates": [[[3.231, 45.151], [3.268, 45.154], [3.282, 45.152], [3.288, 45.12], [3.241, 45.131], [3.234, 45.133], [3.231, 45.151]]]}}, {"type": "Feature", "properties": {"code": "15050", "apl": 0.0, "pop": 163, "communeName": "Le Claux", "dept": "15", "category": "severe"}, "geometry": {"type": "Polygon", "coordinates": [[[2.676, 45.109], [2.673, 45.137], [2.656, 45.166], [2.689, 45.176], [2.752, 45.172], [2.741, 45.155], [2.677, 45.109], [2.676, 45.109]]]}}, {"type": "Feature", "properties": {"code": "15058", "apl": 0.0, "pop": 146, "communeName": "Cros-de-Ronesque", "dept": "15", "category": "severe"}, "geometry": {"type": "Polygon", "coordinates": [[[2.629, 44.872], [2.598, 44.821], [2.591, 44.835], [2.586, 44.845], [2.597, 44.884], [2.612, 44.894], [2.627, 44.887], [2.629, 44.872]]]}}, {"type": "Feature", "properties": {"code": "15066", "apl": 0.0, "pop": 118, "communeName": "Le Falgoux", "dept": "15", "category": "severe"}, "geometry": {"type": "Polygon", "coordinates": [[[2.656, 45.166], [2.673, 45.137], [2.676, 45.109], [2.654, 45.104], [2.643, 45.11], [2.63, 45.125], [2.622, 45.14], [2.585, 45.16], [2.584, 45.162], [2.625, 45.177], [2.653, 45.172], [2.656, 45.166]]]}}, {"type": "Feature", "properties": {"code": "15067", "apl": 0.0, "pop": 29, "communeName": "Le Fau", "dept": "15", "category": "severe"}, "geometry": {"type": "Polygon", "coordinates": [[[2.569, 45.095], [2.56, 45.116], [2.594, 45.127], [2.63, 45.125], [2.643, 45.11], [2.612, 45.091], [2.569, 45.095]]]}}, {"type": "Feature", "properties": {"code": "15086", "apl": 0.0, "pop": 58, "communeName": "Lacapelle-Barrès", "dept": "15", "category": "severe"}, "geometry": {"type": "Polygon", "coordinates": [[[2.726, 44.979], [2.738, 44.94], [2.717, 44.929], [2.714, 44.963], [2.726, 44.979]]]}}, {"type": "Feature", "properties": {"code": "15102", "apl": 0.0, "pop": 111, "communeName": "Lavigerie", "dept": "15", "category": "severe"}, "geometry": {"type": "Polygon", "coordinates": [[[2.741, 45.155], [2.756, 45.152], [2.771, 45.12], [2.72, 45.1], [2.677, 45.109], [2.741, 45.155]]]}}, {"type": "Feature", "properties": {"code": "15112", "apl": 0.0, "pop": 88, "communeName": "Malbo", "dept": "15", "category": "severe"}, "geometry": {"type": "Polygon", "coordinates": [[[2.738, 44.941], [2.738, 44.94], [2.726, 44.979], [2.718, 44.994], [2.741, 45.031], [2.773, 44.998], [2.792, 44.968], [2.779, 44.949], [2.738, 44.941]]]}}, {"type": "Feature", "properties": {"code": "15126", "apl": 0.0, "pop": 79, "communeName": "Molèdes", "dept": "15", "category": "severe"}, "geometry": {"type": "Polygon", "coordinates": [[[3.036, 45.239], [3.027, 45.241], [3.012, 45.259], [3.018, 45.287], [3.037, 45.298], [3.092, 45.26], [3.066, 45.251], [3.036, 45.239]]]}}, {"type": "Feature", "properties": {"code": "15146", "apl": 0.0, "pop": 131, "communeName": "Pailherols", "dept": "15", "category": "severe"}, "geometry": {"type": "Polygon", "coordinates": [[[2.74, 45.035], [2.741, 45.031], [2.718, 44.994], [2.726, 44.979], [2.714, 44.963], [2.717, 44.929], [2.706, 44.907], [2.682, 44.907], [2.68, 44.935], [2.682, 44.957], [2.731, 45.024], [2.74, 45.035]]]}}, {"type": "Feature", "properties": {"code": "15158", "apl": 0.0, "pop": 102, "communeName": "Rageade", "dept": "15", "category": "severe"}, "geometry": {"type": "Polygon", "coordinates": [[[3.288, 45.12], [3.312, 45.118], [3.301, 45.107], [3.287, 45.097], [3.266, 45.107], [3.229, 45.105], [3.241, 45.131], [3.288, 45.12]]]}}, {"type": "Feature", "properties": {"code": "15257", "apl": 0.0, "pop": 129, "communeName": "Vezels-Roussy", "dept": "15", "category": "severe"}, "geometry": {"type": "Polygon", "coordinates": [[[2.598, 44.821], [2.6, 44.793], [2.587, 44.784], [2.564, 44.778], [2.563, 44.794], [2.567, 44.823], [2.591, 44.835], [2.598, 44.821]]]}}, {"type": "Feature", "properties": {"code": "19008", "apl": 0.0, "pop": 206, "communeName": "Ambrugeat", "dept": "19", "category": "severe"}, "geometry": {"type": "Polygon", "coordinates": [[[2.04, 45.525], [2.068, 45.567], [2.135, 45.529], [2.112, 45.5], [2.103, 45.509], [2.039, 45.521], [2.04, 45.525]]]}}, {"type": "Feature", "properties": {"code": "19052", "apl": 0.0, "pop": 49, "communeName": "Chavanac", "dept": "19", "category": "severe"}, "geometry": {"type": "Polygon", "coordinates": [[[2.077, 45.611], [2.073, 45.623], [2.105, 45.633], [2.127, 45.622], [2.097, 45.598], [2.077, 45.611]]]}}, {"type": "Feature", "properties": {"code": "19088", "apl": 0.0, "pop": 50, "communeName": "Grandsaigne", "dept": "19", "category": "severe"}, "geometry": {"type": "Polygon", "coordinates": [[[1.926, 45.456], [1.894, 45.481], [1.92, 45.51], [1.956, 45.517], [1.966, 45.491], [1.93, 45.472], [1.926, 45.456]]]}}, {"type": "Feature", "properties": {"code": "19136", "apl": 0.0, "pop": 2279, "communeName": "Meymac", "dept": "19", "category": "severe"}, "geometry": {"type": "Polygon", "coordinates": [[[2.046, 45.577], [2.077, 45.611], [2.097, 45.598], [2.136, 45.589], [2.185, 45.589], [2.197, 45.579], [2.207, 45.54], [2.203, 45.507], [2.182, 45.492], [2.133, 45.5], [2.111, 45.496], [2.112, 45.5], [2.135, 45.529], [2.068, 45.567], [2.046, 45.577]]]}}, {"type": "Feature", "properties": {"code": "19139", "apl": 0.0, "pop": 75, "communeName": "Millevaches", "dept": "19", "category": "severe"}, "geometry": {"type": "Polygon", "coordinates": [[[2.111, 45.645], [2.105, 45.633], [2.073, 45.623], [2.071, 45.655], [2.085, 45.665], [2.119, 45.659], [2.111, 45.645]]]}}, {"type": "Feature", "properties": {"code": "19142", "apl": 0.0, "pop": 122, "communeName": "Monestier-Port-Dieu", "dept": "19", "category": "severe"}, "geometry": {"type": "Polygon", "coordinates": [[[2.465, 45.478], [2.481, 45.507], [2.469, 45.521], [2.493, 45.53], [2.508, 45.501], [2.514, 45.493], [2.508, 45.478], [2.504, 45.462], [2.465, 45.478]]]}}, {"type": "Feature", "properties": {"code": "19167", "apl": 0.0, "pop": 41, "communeName": "Confolent-Port-Dieu", "dept": "19", "category": "severe"}, "geometry": {"type": "Polygon", "coordinates": [[[2.518, 45.543], [2.508, 45.501], [2.493, 45.53], [2.469, 45.521], [2.466, 45.535], [2.497, 45.557], [2.516, 45.554], [2.518, 45.543]]]}}, {"type": "Feature", "properties": {"code": "19175", "apl": 0.0, "pop": 97, "communeName": "Roche-le-Peyroux", "dept": "19", "category": "severe"}, "geometry": {"type": "Polygon", "coordinates": [[[2.381, 45.414], [2.362, 45.415], [2.367, 45.444], [2.386, 45.439], [2.401, 45.432], [2.381, 45.414]]]}}, {"type": "Feature", "properties": {"code": "19189", "apl": 0.0, "pop": 39, "communeName": "Saint-Bonnet-les-Tours-de-Merle", "dept": "19", "category": "severe"}, "geometry": {"type": "Polygon", "coordinates": [[[2.038, 45.039], [2.049, 45.067], [2.072, 45.059], [2.038, 45.039]]]}}, {"type": "Feature", "properties": {"code": "19266", "apl": 0.0, "pop": 103, "communeName": "Thalamy", "dept": "19", "category": "severe"}, "geometry": {"type": "Polygon", "coordinates": [[[2.469, 45.521], [2.481, 45.507], [2.465, 45.478], [2.448, 45.487], [2.438, 45.495], [2.446, 45.533], [2.466, 45.535], [2.469, 45.521]]]}}, {"type": "Feature", "properties": {"code": "21382", "apl": 0.0, "pop": 187, "communeName": "Marcilly-Ogny", "dept": "21", "category": "severe"}, "geometry": {"type": "Polygon", "coordinates": [[[4.37, 47.235], [4.384, 47.268], [4.407, 47.269], [4.446, 47.253], [4.446, 47.247], [4.406, 47.23], [4.37, 47.235]]]}}, {"type": "Feature", "properties": {"code": "21549", "apl": 0.0, "pop": 82, "communeName": "Saint-Germain-le-Rocheux", "dept": "21", "category": "severe"}, "geometry": {"type": "Polygon", "coordinates": [[[4.673, 47.741], [4.637, 47.768], [4.65, 47.775], [4.694, 47.759], [4.673, 47.741]]]}}, {"type": "Feature", "properties": {"code": "21627", "apl": 0.0, "pop": 90, "communeName": "Thenissey", "dept": "21", "category": "severe"}, "geometry": {"type": "Polygon", "coordinates": [[[4.604, 47.482], [4.589, 47.496], [4.614, 47.516], [4.654, 47.492], [4.604, 47.482]]]}}, {"type": "Feature", "properties": {"code": "23012", "apl": 0.0, "pop": 109, "communeName": "Auriat", "dept": "23", "category": "severe"}, "geometry": {"type": "Polygon", "coordinates": [[[1.628, 45.848], [1.602, 45.857], [1.591, 45.883], [1.642, 45.893], [1.663, 45.871], [1.653, 45.846], [1.628, 45.848]]]}}, {"type": "Feature", "properties": {"code": "23237", "apl": 0.0, "pop": 55, "communeName": "Saint-Priest-Palus", "dept": "23", "category": "severe"}, "geometry": {"type": "Polygon", "coordinates": [[[1.642, 45.896], [1.656, 45.908], [1.712, 45.895], [1.709, 45.886], [1.663, 45.871], [1.642, 45.893], [1.642, 45.896]]]}}, {"type": "Feature", "properties": {"code": "23249", "apl": 0.0, "pop": 221, "communeName": "Saint-Yrieix-la-Montagne", "dept": "23", "category": "severe"}, "geometry": {"type": "Polygon", "coordinates": [[[1.963, 45.892], [1.983, 45.886], [2.022, 45.895], [2.054, 45.883], [2.025, 45.852], [1.969, 45.866], [1.945, 45.882], [1.963, 45.892]]]}}, {"type": "Feature", "properties": {"code": "25102", "apl": 0.0, "pop": 49, "communeName": "Burnevillers", "dept": "25", "category": "severe"}, "geometry": {"type": "Polygon", "coordinates": [[[6.983, 47.329], [7.033, 47.341], [7.053, 47.337], [7.01, 47.325], [6.983, 47.329]]]}}, {"type": "Feature", "properties": {"code": "25275", "apl": 0.0, "pop": 185, "communeName": "Glère", "dept": "25", "category": "severe"}, "geometry": {"type": "Polygon", "coordinates": [[[6.983, 47.329], [6.962, 47.337], [6.936, 47.358], [6.989, 47.364], [7.033, 47.341], [6.983, 47.329]]]}}, {"type": "Feature", "properties": {"code": "25280", "apl": 0.0, "pop": 153, "communeName": "Goumois", "dept": "25", "category": "severe"}, "geometry": {"type": "Polygon", "coordinates": [[[6.935, 47.251], [6.932, 47.269], [6.945, 47.289], [6.956, 47.243], [6.935, 47.251]]]}}, {"type": "Feature", "properties": {"code": "25314", "apl": 0.0, "pop": 260, "communeName": "Indevillers", "dept": "25", "category": "severe"}, "geometry": {"type": "Polygon", "coordinates": [[[6.931, 47.304], [6.94, 47.325], [6.962, 47.337], [6.983, 47.329], [7.01, 47.325], [6.996, 47.296], [6.948, 47.291], [6.933, 47.297], [6.931, 47.304]]]}}, {"type": "Feature", "properties": {"code": "25386", "apl": 0.0, "pop": 120, "communeName": "Montancy", "dept": "25", "category": "severe"}, "geometry": {"type": "Polygon", "coordinates": [[[7.053, 47.337], [7.033, 47.341], [6.989, 47.364], [7.012, 47.373], [7.05, 47.361], [7.053, 47.337]]]}}, {"type": "Feature", "properties": {"code": "25504", "apl": 0.0, "pop": 80, "communeName": "Rosureux", "dept": "25", "category": "severe"}, "geometry": {"type": "Polygon", "coordinates": [[[6.693, 47.227], [6.7, 47.227], [6.708, 47.222], [6.693, 47.204], [6.682, 47.2], [6.642, 47.206], [6.652, 47.211], [6.693, 47.227]]]}}, {"type": "Feature", "properties": {"code": "26013", "apl": 0.0, "pop": 74, "communeName": "Arpavon", "dept": "26", "category": "severe"}, "geometry": {"type": "Polygon", "coordinates": [[[5.294, 44.365], [5.258, 44.35], [5.242, 44.357], [5.237, 44.366], [5.247, 44.376], [5.287, 44.391], [5.311, 44.383], [5.294, 44.365]]]}}, {"type": "Feature", "properties": {"code": "26017", "apl": 0.0, "pop": 16, "communeName": "Aucelon", "dept": "26", "category": "severe"}, "geometry": {"type": "Polygon", "coordinates": [[[5.381, 44.587], [5.371, 44.588], [5.341, 44.607], [5.308, 44.607], [5.302, 44.629], [5.344, 44.629], [5.343, 44.645], [5.375, 44.639], [5.392, 44.628], [5.396, 44.612], [5.388, 44.589], [5.381, 44.587]]]}}, {"type": "Feature", "properties": {"code": "26046", "apl": 0.0, "pop": 69, "communeName": "Bellecombe-Tarendol", "dept": "26", "category": "severe"}, "geometry": {"type": "Polygon", "coordinates": [[[5.371, 44.372], [5.394, 44.345], [5.366, 44.348], [5.322, 44.337], [5.346, 44.375], [5.367, 44.377], [5.369, 44.373], [5.371, 44.372]]]}}, {"type": "Feature", "properties": {"code": "26050", "apl": 0.0, "pop": 82, "communeName": "Bésignan", "dept": "26", "category": "severe"}, "geometry": {"type": "Polygon", "coordinates": [[[5.303, 44.31], [5.296, 44.31], [5.302, 44.331], [5.315, 44.333], [5.357, 44.317], [5.303, 44.31]]]}}, {"type": "Feature", "properties": {"code": "26055", "apl": 0.0, "pop": 160, "communeName": "Boulc", "dept": "26", "category": "severe"}, "geometry": {"type": "Polygon", "coordinates": [[[5.538, 44.617], [5.521, 44.643], [5.52, 44.664], [5.565, 44.677], [5.642, 44.651], [5.649, 44.619], [5.627, 44.595], [5.599, 44.61], [5.548, 44.61], [5.538, 44.617]]]}}, {"type": "Feature", "properties": {"code": "26062", "apl": 0.0, "pop": 32, "communeName": "Brette", "dept": "26", "category": "severe"}, "geometry": {"type": "Polygon", "coordinates": [[[5.28, 44.594], [5.308, 44.607], [5.341, 44.607], [5.371, 44.588], [5.344, 44.588], [5.322, 44.566], [5.28, 44.594]]]}}, {"type": "Feature", "properties": {"code": "26066", "apl": 0.0, "pop": 39, "communeName": "Le Chaffal", "dept": "26", "category": "severe"}, "geometry": {"type": "Polygon", "coordinates": [[[5.161, 44.887], [5.19, 44.895], [5.21, 44.884], [5.189, 44.876], [5.186, 44.853], [5.163, 44.849], [5.153, 44.875], [5.156, 44.883], [5.161, 44.887]]]}}, {"type": "Feature", "properties": {"code": "26089", "apl": 0.0, "pop": 61, "communeName": "Chaudebonne", "dept": "26", "category": "severe"}, "geometry": {"type": "Polygon", "coordinates": [[[5.205, 44.465], [5.192, 44.475], [5.212, 44.496], [5.256, 44.488], [5.275, 44.486], [5.28, 44.478], [5.26, 44.45], [5.234, 44.467], [5.205, 44.465]]]}}, {"type": "Feature", "properties": {"code": "26130", "apl": 0.0, "pop": 23, "communeName": "Eyroles", "dept": "26", "category": "severe"}, "geometry": {"type": "Polygon", "coordinates": [[[5.235, 44.401], [5.219, 44.399], [5.219, 44.402], [5.215, 44.417], [5.256, 44.432], [5.275, 44.43], [5.235, 44.401]]]}}, {"type": "Feature", "properties": {"code": "26142", "apl": 0.0, "pop": 117, "communeName": "Glandage", "dept": "26", "category": "severe"}, "geometry": {"type": "Polygon", "coordinates": [[[5.652, 44.655], [5.642, 44.651], [5.565, 44.677], [5.58, 44.693], [5.567, 44.717], [5.586, 44.739], [5.629, 44.745], [5.644, 44.732], [5.647, 44.724], [5.66, 44.695], [5.64, 44.678], [5.652, 44.655]]]}}, {"type": "Feature", "properties": {"code": "26153", "apl": 0.0, "pop": 109, "communeName": "Laborel", "dept": "26", "category": "severe"}, "geometry": {"type": "Polygon", "coordinates": [[[5.634, 44.301], [5.633, 44.291], [5.619, 44.271], [5.571, 44.264], [5.546, 44.296], [5.567, 44.302], [5.608, 44.306], [5.634, 44.301]]]}}, {"type": "Feature", "properties": {"code": "26163", "apl": 0.0, "pop": 46, "communeName": "Léoncel", "dept": "26", "category": "severe"}, "geometry": {"type": "Polygon", "coordinates": [[[5.248, 44.961], [5.248, 44.928], [5.231, 44.9], [5.21, 44.884], [5.19, 44.895], [5.161, 44.887], [5.133, 44.89], [5.149, 44.909], [5.16, 44.918], [5.193, 44.936], [5.209, 44.971], [5.22, 44.981], [5.248, 44.961]]]}}, {"type": "Feature", "properties": {"code": "26209", "apl": 0.0, "pop": 24, "communeName": "Montréal-les-Sources", "dept": "26", "category": "severe"}, "geometry": {"type": "Polygon", "coordinates": [[[5.311, 44.383], [5.287, 44.391], [5.305, 44.424], [5.326, 44.402], [5.311, 44.383]]]}}, {"type": "Feature", "properties": {"code": "26221", "apl": 0.0, "pop": 65, "communeName": "Omblèze", "dept": "26", "category": "severe"}, "geometry": {"type": "Polygon", "coordinates": [[[5.293, 44.894], [5.272, 44.861], [5.238, 44.838], [5.205, 44.812], [5.174, 44.804], [5.196, 44.823], [5.186, 44.853], [5.189, 44.876], [5.21, 44.884], [5.231, 44.9], [5.262, 44.903], [5.293, 44.894]]]}}, {"type": "Feature", "properties": {"code": "26228", "apl": 0.0, "pop": 28, "communeName": "Pennes-le-Sec", "dept": "26", "category": "severe"}, "geometry": {"type": "Polygon", "coordinates": [[[5.331, 44.648], [5.343, 44.645], [5.344, 44.629], [5.302, 44.629], [5.297, 44.631], [5.29, 44.64], [5.29, 44.64], [5.292, 44.641], [5.295, 44.64], [5.299, 44.642], [5.306, 44.643], [5.322, 44.653], [5.331, 44.648]]]}}, {"type": "Feature", "properties": {"code": "26242", "apl": 0.0, "pop": 19, "communeName": "Le Poët-en-Percip", "dept": "26", "category": "severe"}, "geometry": {"type": "Polygon", "coordinates": [[[5.391, 44.238], [5.366, 44.237], [5.393, 44.263], [5.421, 44.247], [5.391, 44.238]]]}}, {"type": "Feature", "properties": {"code": "26244", "apl": 0.0, "pop": 123, "communeName": "Le Poët-Sigillat", "dept": "26", "category": "severe"}, "geometry": {"type": "Polygon", "coordinates": [[[5.302, 44.331], [5.294, 44.365], [5.311, 44.383], [5.326, 44.402], [5.33, 44.402], [5.346, 44.375], [5.322, 44.337], [5.315, 44.333], [5.302, 44.331]]]}}, {"type": "Feature", "properties": {"code": "26254", "apl": 0.0, "pop": 23, "communeName": "Pradelle", "dept": "26", "category": "severe"}, "geometry": {"type": "Polygon", "coordinates": [[[5.308, 44.607], [5.28, 44.594], [5.266, 44.607], [5.256, 44.623], [5.257, 44.631], [5.267, 44.644], [5.29, 44.64], [5.29, 44.64], [5.297, 44.631], [5.302, 44.629], [5.308, 44.607]]]}}, {"type": "Feature", "properties": {"code": "26266", "apl": 0.0, "pop": 23, "communeName": "Rimon-et-Savel", "dept": "26", "category": "severe"}, "geometry": {"type": "Polygon", "coordinates": [[[5.29, 44.64], [5.29, 44.64], [5.294, 44.643], [5.293, 44.645], [5.288, 44.648], [5.284, 44.659], [5.283, 44.666], [5.277, 44.673], [5.304, 44.666], [5.354, 44.692], [5.337, 44.664], [5.331, 44.648], [5.322, 44.653], [5.306, 44.643], [5.299, 44.642], [5.295, 44.64], [5.292, 44.641], [5.29, 44.64], [5.29, 44.64]]]}}, {"type": "Feature", "properties": {"code": "26274", "apl": 0.0, "pop": 1, "communeName": "Rochefourchat", "dept": "26", "category": "severe"}, "geometry": {"type": "Polygon", "coordinates": [[[5.266, 44.607], [5.232, 44.577], [5.214, 44.611], [5.256, 44.623], [5.266, 44.607]]]}}, {"type": "Feature", "properties": {"code": "26300", "apl": 0.0, "pop": 48, "communeName": "Saint-Dizier-en-Diois", "dept": "26", "category": "severe"}, "geometry": {"type": "Polygon", "coordinates": [[[5.486, 44.535], [5.489, 44.535], [5.513, 44.519], [5.511, 44.492], [5.471, 44.5], [5.457, 44.519], [5.486, 44.535]]]}}, {"type": "Feature", "properties": {"code": "26306", "apl": 0.0, "pop": 321, "communeName": "Sainte-Jalle", "dept": "26", "category": "severe"}, "geometry": {"type": "Polygon", "coordinates": [[[5.258, 44.35], [5.294, 44.365], [5.302, 44.331], [5.296, 44.31], [5.256, 44.308], [5.258, 44.35]]]}}, {"type": "Feature", "properties": {"code": "26321", "apl": 0.0, "pop": 206, "communeName": "Saint-Nazaire-le-Désert", "dept": "26", "category": "severe"}, "geometry": {"type": "Polygon", "coordinates": [[[5.228, 44.572], [5.232, 44.577], [5.266, 44.607], [5.28, 44.594], [5.322, 44.566], [5.321, 44.544], [5.283, 44.535], [5.241, 44.51], [5.229, 44.561], [5.228, 44.572]]]}}, {"type": "Feature", "properties": {"code": "26359", "apl": 0.0, "pop": 35, "communeName": "Vachères-en-Quint", "dept": "26", "category": "severe"}, "geometry": {"type": "Polygon", "coordinates": [[[5.253, 44.777], [5.232, 44.779], [5.238, 44.795], [5.271, 44.789], [5.253, 44.777]]]}}, {"type": "Feature", "properties": {"code": "26363", "apl": 0.0, "pop": 40, "communeName": "Valouse", "dept": "26", "category": "severe"}, "geometry": {"type": "Polygon", "coordinates": [[[5.183, 44.473], [5.192, 44.475], [5.205, 44.465], [5.189, 44.451], [5.183, 44.473]]]}}, {"type": "Feature", "properties": {"code": "26374", "apl": 0.0, "pop": 17, "communeName": "Villebois-les-Pins", "dept": "26", "category": "severe"}, "geometry": {"type": "Polygon", "coordinates": [[[5.588, 44.332], [5.624, 44.335], [5.608, 44.306], [5.567, 44.302], [5.585, 44.332], [5.588, 44.332]]]}}, {"type": "Feature", "properties": {"code": "2A019", "apl": 0.0, "pop": 52, "communeName": "Arbori", "dept": "2A", "category": "severe"}, "geometry": {"type": "Polygon", "coordinates": [[[8.81, 42.112], [8.774, 42.102], [8.757, 42.091], [8.777, 42.123], [8.768, 42.135], [8.812, 42.155], [8.835, 42.131], [8.821, 42.116], [8.81, 42.112]]]}}, {"type": "Feature", "properties": {"code": "2A022", "apl": 0.0, "pop": 79, "communeName": "Arro", "dept": "2A", "category": "severe"}, "geometry": {"type": "Polygon", "coordinates": [[[8.799, 42.083], [8.774, 42.102], [8.81, 42.112], [8.827, 42.083], [8.799, 42.083]]]}}, {"type": "Feature", "properties": {"code": "2A024", "apl": 0.0, "pop": 184, "communeName": "Aullène", "dept": "2A", "category": "severe"}, "geometry": {"type": "Polygon", "coordinates": [[[9.119, 41.856], [9.152, 41.844], [9.102, 41.794], [9.082, 41.764], [9.034, 41.771], [9.049, 41.79], [9.061, 41.804], [9.093, 41.827], [9.119, 41.856]]]}}, {"type": "Feature", "properties": {"code": "2A027", "apl": 0.0, "pop": 52, "communeName": "Azzana", "dept": "2A", "category": "severe"}, "geometry": {"type": "Polygon", "coordinates": [[[8.913, 42.143], [8.917, 42.145], [8.94, 42.149], [8.93, 42.126], [8.956, 42.101], [8.957, 42.093], [8.947, 42.09], [8.934, 42.086], [8.924, 42.091], [8.913, 42.143]]]}}, {"type": "Feature", "properties": {"code": "2A040", "apl": 0.0, "pop": 367, "communeName": "Bocognano", "dept": "2A", "category": "severe"}, "geometry": {"type": "Polygon", "coordinates": [[[9.071, 42.13], [9.112, 42.114], [9.134, 42.091], [9.134, 42.06], [9.103, 42.045], [9.04, 42.061], [9.028, 42.079], [9.005, 42.08], [9.003, 42.113], [9.038, 42.127], [9.071, 42.13]]]}}, {"type": "Feature", "properties": {"code": "2A066", "apl": 0.0, "pop": 61, "communeName": "Cargiaca", "dept": "2A", "category": "severe"}, "geometry": {"type": "Polygon", "coordinates": [[[9.042, 41.71], [9.025, 41.719], [9.036, 41.75], [9.058, 41.743], [9.056, 41.721], [9.049, 41.712], [9.042, 41.71]]]}}, {"type": "Feature", "properties": {"code": "2A091", "apl": 0.0, "pop": 175, "communeName": "Cognocoli-Monticchi", "dept": "2A", "category": "severe"}, "geometry": {"type": "Polygon", "coordinates": [[[8.913, 41.823], [8.863, 41.778], [8.868, 41.76], [8.857, 41.755], [8.824, 41.764], [8.824, 41.789], [8.821, 41.791], [8.86, 41.823], [8.895, 41.852], [8.913, 41.844], [8.913, 41.823]]]}}, {"type": "Feature", "properties": {"code": "2A100", "apl": 0.0, "pop": 68, "communeName": "Cristinacce", "dept": "2A", "category": "severe"}, "geometry": {"type": "Polygon", "coordinates": [[[8.882, 42.272], [8.905, 42.254], [8.882, 42.247], [8.849, 42.22], [8.819, 42.222], [8.814, 42.239], [8.882, 42.272]]]}}, {"type": "Feature", "properties": {"code": "2A108", "apl": 0.0, "pop": 219, "communeName": "Évisa", "dept": "2A", "category": "severe"}, "geometry": {"type": "Polygon", "coordinates": [[[8.857, 42.331], [8.859, 42.3], [8.882, 42.272], [8.814, 42.239], [8.768, 42.252], [8.784, 42.267], [8.767, 42.291], [8.771, 42.325], [8.828, 42.319], [8.857, 42.331]]]}}, {"type": "Feature", "properties": {"code": "2A131", "apl": 0.0, "pop": 154, "communeName": "Guagno", "dept": "2A", "category": "severe"}, "geometry": {"type": "Polygon", "coordinates": [[[8.953, 42.151], [8.94, 42.149], [8.917, 42.145], [8.921, 42.171], [8.971, 42.187], [8.985, 42.209], [9.006, 42.209], [9.046, 42.208], [9.049, 42.193], [9.048, 42.176], [8.953, 42.151]]]}}, {"type": "Feature", "properties": {"code": "2A144", "apl": 0.0, "pop": 106, "communeName": "Lopigna", "dept": "2A", "category": "severe"}, "geometry": {"type": "Polygon", "coordinates": [[[8.897, 42.073], [8.887, 42.064], [8.858, 42.08], [8.827, 42.083], [8.81, 42.112], [8.821, 42.116], [8.87, 42.099], [8.897, 42.073]]]}}, {"type": "Feature", "properties": {"code": "2A146", "apl": 0.0, "pop": 51, "communeName": "Loreto-di-Tallano", "dept": "2A", "category": "severe"}, "geometry": {"type": "Polygon", "coordinates": [[[9.042, 41.71], [9.039, 41.689], [9.021, 41.67], [9.016, 41.675], [9.033, 41.695], [9.02, 41.709], [9.025, 41.719], [9.042, 41.71]]]}}, {"type": "Feature", "properties": {"code": "2A154", "apl": 0.0, "pop": 104, "communeName": "Marignana", "dept": "2A", "category": "severe"}, "geometry": {"type": "Polygon", "coordinates": [[[8.703, 42.185], [8.682, 42.172], [8.636, 42.166], [8.621, 42.185], [8.673, 42.21], [8.698, 42.229], [8.736, 42.218], [8.768, 42.252], [8.814, 42.239], [8.819, 42.222], [8.794, 42.207], [8.772, 42.203], [8.72, 42.209], [8.703, 42.185]]]}}, {"type": "Feature", "properties": {"code": "2A186", "apl": 0.0, "pop": 219, "communeName": "Olivese", "dept": "2A", "category": "severe"}, "geometry": {"type": "Polygon", "coordinates": [[[9.119, 41.856], [9.093, 41.827], [9.061, 41.804], [9.022, 41.838], [9.036, 41.853], [9.047, 41.86], [9.087, 41.863], [9.119, 41.856]]]}}, {"type": "Feature", "properties": {"code": "2A196", "apl": 0.0, "pop": 60, "communeName": "Orto", "dept": "2A", "category": "severe"}, "geometry": {"type": "Polygon", "coordinates": [[[8.921, 42.171], [8.919, 42.181], [8.938, 42.204], [8.98, 42.224], [9.006, 42.209], [8.985, 42.209], [8.971, 42.187], [8.921, 42.171]]]}}, {"type": "Feature", "properties": {"code": "2A197", "apl": 0.0, "pop": 97, "communeName": "Osani", "dept": "2A", "category": "severe"}, "geometry": {"type": "Polygon", "coordinates": [[[8.661, 42.303], [8.639, 42.302], [8.607, 42.323], [8.618, 42.346], [8.59, 42.353], [8.551, 42.347], [8.573, 42.382], [8.595, 42.37], [8.641, 42.374], [8.684, 42.348], [8.675, 42.309], [8.661, 42.303]]]}}, {"type": "Feature", "properties": {"code": "2A203", "apl": 0.0, "pop": 94, "communeName": "Partinello", "dept": "2A", "category": "severe"}, "geometry": {"type": "Polygon", "coordinates": [[[8.684, 42.348], [8.725, 42.342], [8.705, 42.321], [8.687, 42.282], [8.661, 42.303], [8.675, 42.309], [8.684, 42.348]]]}}, {"type": "Feature", "properties": {"code": "2A204", "apl": 0.0, "pop": 94, "communeName": "Pastricciola", "dept": "2A", "category": "severe"}, "geometry": {"type": "Polygon", "coordinates": [[[9.048, 42.176], [9.065, 42.167], [9.071, 42.13], [9.038, 42.127], [9.003, 42.113], [8.983, 42.112], [8.961, 42.126], [8.953, 42.151], [9.048, 42.176]]]}}, {"type": "Feature", "properties": {"code": "2A212", "apl": 0.0, "pop": 463, "communeName": "Piana", "dept": "2A", "category": "severe"}, "geometry": {"type": "Polygon", "coordinates": [[[8.698, 42.229], [8.673, 42.21], [8.621, 42.185], [8.582, 42.183], [8.568, 42.219], [8.576, 42.24], [8.615, 42.252], [8.689, 42.263], [8.698, 42.229]]]}}, {"type": "Feature", "properties": {"code": "2A240", "apl": 0.0, "pop": 111, "communeName": "Poggiolo", "dept": "2A", "category": "severe"}, "geometry": {"type": "Polygon", "coordinates": [[[8.917, 42.145], [8.913, 42.143], [8.897, 42.141], [8.887, 42.148], [8.88, 42.178], [8.884, 42.177], [8.919, 42.181], [8.921, 42.171], [8.917, 42.145]]]}}, {"type": "Feature", "properties": {"code": "2A259", "apl": 0.0, "pop": 67, "communeName": "Rezza", "dept": "2A", "category": "severe"}, "geometry": {"type": "Polygon", "coordinates": [[[8.94, 42.149], [8.953, 42.151], [8.961, 42.126], [8.983, 42.112], [8.956, 42.101], [8.93, 42.126], [8.94, 42.149]]]}}, {"type": "Feature", "properties": {"code": "2A262", "apl": 0.0, "pop": 51, "communeName": "Rosazia", "dept": "2A", "category": "severe"}, "geometry": {"type": "Polygon", "coordinates": [[[8.835, 42.131], [8.887, 42.148], [8.897, 42.141], [8.87, 42.099], [8.821, 42.116], [8.835, 42.131]]]}}, {"type": "Feature", "properties": {"code": "2A266", "apl": 0.0, "pop": 88, "communeName": "Salice", "dept": "2A", "category": "severe"}, "geometry": {"type": "Polygon", "coordinates": [[[8.897, 42.141], [8.913, 42.143], [8.924, 42.091], [8.934, 42.086], [8.897, 42.073], [8.87, 42.099], [8.897, 42.141]]]}}, {"type": "Feature", "properties": {"code": "2A282", "apl": 0.0, "pop": 157, "communeName": "Soccia", "dept": "2A", "category": "severe"}, "geometry": {"type": "Polygon", "coordinates": [[[8.94, 42.237], [8.98, 42.224], [8.938, 42.204], [8.919, 42.181], [8.884, 42.177], [8.894, 42.222], [8.94, 42.237]]]}}, {"type": "Feature", "properties": {"code": "2A310", "apl": 0.0, "pop": 93, "communeName": "Santa-Maria-Figaniella", "dept": "2A", "category": "severe"}, "geometry": {"type": "Polygon", "coordinates": [[[9.027, 41.752], [9.036, 41.75], [9.025, 41.719], [9.02, 41.709], [8.986, 41.703], [8.989, 41.728], [9.027, 41.752]]]}}, {"type": "Feature", "properties": {"code": "2A323", "apl": 0.0, "pop": 402, "communeName": "Tavaco", "dept": "2A", "category": "severe"}, "geometry": {"type": "Polygon", "coordinates": [[[8.87, 42.049], [8.877, 42.056], [8.907, 42.026], [8.893, 42.017], [8.867, 42.015], [8.87, 42.049]]]}}, {"type": "Feature", "properties": {"code": "2A324", "apl": 0.0, "pop": 413, "communeName": "Tavera", "dept": "2A", "category": "severe"}, "geometry": {"type": "Polygon", "coordinates": [[[9.103, 42.045], [9.045, 42.035], [9.021, 42.041], [8.971, 42.087], [8.957, 42.093], [8.956, 42.101], [8.983, 42.112], [9.003, 42.113], [9.005, 42.08], [9.028, 42.079], [9.04, 42.061], [9.103, 42.045]]]}}, {"type": "Feature", "properties": {"code": "2A345", "apl": 0.0, "pop": 617, "communeName": "Vero", "dept": "2A", "category": "severe"}, "geometry": {"type": "Polygon", "coordinates": [[[8.887, 42.064], [8.897, 42.073], [8.934, 42.086], [8.947, 42.09], [8.961, 42.076], [8.947, 42.055], [8.907, 42.026], [8.877, 42.056], [8.887, 42.064]]]}}, {"type": "Feature", "properties": {"code": "2A351", "apl": 0.0, "pop": 396, "communeName": "Villanova", "dept": "2A", "category": "severe"}, "geometry": {"type": "Polygon", "coordinates": [[[8.701, 41.953], [8.669, 41.948], [8.623, 41.971], [8.649, 41.969], [8.669, 41.982], [8.69, 41.974], [8.701, 41.953]]]}}, {"type": "Feature", "properties": {"code": "2A357", "apl": 0.0, "pop": 47, "communeName": "Zérubia", "dept": "2A", "category": "severe"}, "geometry": {"type": "Polygon", "coordinates": [[[9.036, 41.75], [9.027, 41.752], [9.034, 41.771], [9.082, 41.764], [9.079, 41.732], [9.056, 41.721], [9.058, 41.743], [9.036, 41.75]]]}}, {"type": "Feature", "properties": {"code": "2B003", "apl": 0.0, "pop": 27, "communeName": "Aiti", "dept": "2B", "category": "severe"}, "geometry": {"type": "Polygon", "coordinates": [[[9.257, 42.392], [9.209, 42.395], [9.197, 42.418], [9.232, 42.418], [9.256, 42.403], [9.257, 42.392]]]}}, {"type": "Feature", "properties": {"code": "2B005", "apl": 0.0, "pop": 26, "communeName": "Alando", "dept": "2B", "category": "severe"}, "geometry": {"type": "Polygon", "coordinates": [[[9.306, 42.312], [9.294, 42.301], [9.281, 42.296], [9.274, 42.303], [9.278, 42.319], [9.306, 42.312]]]}}, {"type": "Feature", "properties": {"code": "2B007", "apl": 0.0, "pop": 202, "communeName": "Albertacce", "dept": "2B", "category": "severe"}, "geometry": {"type": "Polygon", "coordinates": [[[8.927, 42.254], [8.905, 42.254], [8.882, 42.272], [8.859, 42.3], [8.857, 42.331], [8.914, 42.375], [8.93, 42.373], [8.95, 42.362], [8.964, 42.337], [8.998, 42.334], [8.994, 42.324], [8.974, 42.311], [8.986, 42.28], [8.97, 42.265], [8.927, 42.254]]]}}, {"type": "Feature", "properties": {"code": "2B012", "apl": 0.0, "pop": 53, "communeName": "Altiani", "dept": "2B", "category": "severe"}, "geometry": {"type": "Polygon", "coordinates": [[[9.242, 42.218], [9.245, 42.228], [9.245, 42.228], [9.258, 42.227], [9.279, 42.241], [9.311, 42.244], [9.292, 42.199], [9.261, 42.198], [9.242, 42.218]]]}}, {"type": "Feature", "properties": {"code": "2B013", "apl": 0.0, "pop": 25, "communeName": "Alzi", "dept": "2B", "category": "severe"}, "geometry": {"type": "Polygon", "coordinates": [[[9.294, 42.301], [9.306, 42.312], [9.341, 42.326], [9.306, 42.301], [9.294, 42.301]]]}}, {"type": "Feature", "properties": {"code": "2B015", "apl": 0.0, "pop": 24, "communeName": "Ampriani", "dept": "2B", "category": "severe"}, "geometry": {"type": "Polygon", "coordinates": [[[9.35, 42.251], [9.357, 42.262], [9.36, 42.245], [9.35, 42.251]]]}}, {"type": "Feature", "properties": {"code": "2B016", "apl": 0.0, "pop": 568, "communeName": "Antisanti", "dept": "2B", "category": "severe"}, "geometry": {"type": "Polygon", "coordinates": [[[9.317, 42.181], [9.355, 42.194], [9.39, 42.173], [9.414, 42.176], [9.452, 42.143], [9.438, 42.123], [9.393, 42.127], [9.37, 42.152], [9.344, 42.145], [9.315, 42.159], [9.317, 42.181]]]}}, {"type": "Feature", "properties": {"code": "2B023", "apl": 0.0, "pop": 116, "communeName": "Asco", "dept": "2B", "category": "severe"}, "geometry": {"type": "Polygon", "coordinates": [[[8.978, 42.392], [8.93, 42.373], [8.914, 42.375], [8.901, 42.383], [8.911, 42.41], [8.921, 42.426], [8.919, 42.46], [8.965, 42.456], [9.036, 42.495], [9.061, 42.504], [9.057, 42.489], [9.084, 42.467], [9.079, 42.428], [9.074, 42.417], [9.048, 42.401], [8.978, 42.392]]]}}, {"type": "Feature", "properties": {"code": "2B030", "apl": 0.0, "pop": 146, "communeName": "Barrettali", "dept": "2B", "category": "severe"}, "geometry": {"type": "Polygon", "coordinates": [[[9.361, 42.89], [9.402, 42.861], [9.392, 42.845], [9.34, 42.866], [9.326, 42.901], [9.361, 42.89]]]}}, {"type": "Feature", "properties": {"code": "2B045", "apl": 0.0, "pop": 66, "communeName": "Bustanico", "dept": "2B", "category": "severe"}, "geometry": {"type": "Polygon", "coordinates": [[[9.347, 42.33], [9.345, 42.328], [9.341, 42.326], [9.306, 42.312], [9.278, 42.319], [9.281, 42.335], [9.34, 42.342], [9.344, 42.339], [9.347, 42.33]]]}}, {"type": "Feature", "properties": {"code": "2B047", "apl": 0.0, "pop": 270, "communeName": "Calacuccia", "dept": "2B", "category": "severe"}, "geometry": {"type": "Polygon", "coordinates": [[[9.076, 42.314], [9.039, 42.296], [9.009, 42.326], [8.994, 42.324], [8.998, 42.334], [9.025, 42.353], [9.039, 42.336], [9.076, 42.314]]]}}, {"type": "Feature", "properties": {"code": "2B051", "apl": 0.0, "pop": 68, "communeName": "Cambia", "dept": "2B", "category": "severe"}, "geometry": {"type": "Polygon", "coordinates": [[[9.279, 42.379], [9.325, 42.377], [9.329, 42.363], [9.279, 42.361], [9.28, 42.364], [9.279, 42.379]]]}}, {"type": "Feature", "properties": {"code": "2B053", "apl": 0.0, "pop": 19, "communeName": "Campi", "dept": "2B", "category": "severe"}, "geometry": {"type": "Polygon", "coordinates": [[[9.409, 42.254], [9.404, 42.263], [9.431, 42.282], [9.444, 42.27], [9.444, 42.27], [9.409, 42.254]]]}}, {"type": "Feature", "properties": {"code": "2B054", "apl": 0.0, "pop": 184, "communeName": "Campile", "dept": "2B", "category": "severe"}, "geometry": {"type": "Polygon", "coordinates": [[[9.385, 42.51], [9.381, 42.503], [9.371, 42.485], [9.341, 42.484], [9.33, 42.506], [9.335, 42.506], [9.385, 42.51]]]}}, {"type": "Feature", "properties": {"code": "2B057", "apl": 0.0, "pop": 307, "communeName": "Canale-di-Verde", "dept": "2B", "category": "severe"}, "geometry": {"type": "Polygon", "coordinates": [[[9.444, 42.27], [9.458, 42.285], [9.515, 42.271], [9.555, 42.253], [9.553, 42.241], [9.527, 42.244], [9.466, 42.272], [9.444, 42.27]]]}}, {"type": "Feature", "properties": {"code": "2B058", "apl": 0.0, "pop": 316, "communeName": "Canari", "dept": "2B", "category": "severe"}, "geometry": {"type": "Polygon", "coordinates": [[[9.392, 42.845], [9.385, 42.835], [9.349, 42.834], [9.326, 42.812], [9.31, 42.834], [9.34, 42.866], [9.392, 42.845]]]}}, {"type": "Feature", "properties": {"code": "2B059", "apl": 0.0, "pop": 116, "communeName": "Canavaggia", "dept": "2B", "category": "severe"}, "geometry": {"type": "Polygon", "coordinates": [[[9.222, 42.528], [9.267, 42.52], [9.285, 42.5], [9.262, 42.476], [9.21, 42.472], [9.192, 42.483], [9.18, 42.494], [9.193, 42.506], [9.222, 42.528]]]}}, {"type": "Feature", "properties": {"code": "2B063", "apl": 0.0, "pop": 48, "communeName": "Carcheto-Brustico", "dept": "2B", "category": "severe"}, "geometry": {"type": "Polygon", "coordinates": [[[9.34, 42.342], [9.339, 42.342], [9.365, 42.371], [9.375, 42.369], [9.379, 42.365], [9.373, 42.347], [9.344, 42.339], [9.34, 42.342]]]}}, {"type": "Feature", "properties": {"code": "2B067", "apl": 0.0, "pop": 36, "communeName": "Carpineto", "dept": "2B", "category": "severe"}, "geometry": {"type": "Polygon", "coordinates": [[[9.379, 42.365], [9.381, 42.365], [9.392, 42.354], [9.373, 42.347], [9.379, 42.365]]]}}, {"type": "Feature", "properties": {"code": "2B068", "apl": 0.0, "pop": 25, "communeName": "Carticasi", "dept": "2B", "category": "severe"}, "geometry": {"type": "Polygon", "coordinates": [[[9.339, 42.342], [9.34, 42.342], [9.281, 42.335], [9.272, 42.341], [9.279, 42.361], [9.329, 42.363], [9.331, 42.36], [9.339, 42.342]]]}}, {"type": "Feature", "properties": {"code": "2B069", "apl": 0.0, "pop": 118, "communeName": "Casabianca", "dept": "2B", "category": "severe"}, "geometry": {"type": "Polygon", "coordinates": [[[9.375, 42.438], [9.373, 42.438], [9.36, 42.444], [9.358, 42.452], [9.365, 42.456], [9.386, 42.451], [9.392, 42.449], [9.384, 42.442], [9.375, 42.438]]]}}, {"type": "Feature", "properties": {"code": "2B073", "apl": 0.0, "pop": 112, "communeName": "Casamaccioli", "dept": "2B", "category": "severe"}, "geometry": {"type": "Polygon", "coordinates": [[[9.039, 42.296], [8.992, 42.243], [8.958, 42.254], [8.927, 42.254], [8.927, 42.254], [8.97, 42.265], [8.986, 42.28], [8.974, 42.311], [8.994, 42.324], [9.009, 42.326], [9.039, 42.296]]]}}, {"type": "Feature", "properties": {"code": "2B075", "apl": 0.0, "pop": 72, "communeName": "Casevecchie", "dept": "2B", "category": "severe"}, "geometry": {"type": "Polygon", "coordinates": [[[9.393, 42.127], [9.357, 42.124], [9.344, 42.145], [9.37, 42.152], [9.393, 42.127]]]}}, {"type": "Feature", "properties": {"code": "2B080", "apl": 0.0, "pop": 136, "communeName": "Castifao", "dept": "2B", "category": "severe"}, "geometry": {"type": "Polygon", "coordinates": [[[9.075, 42.538], [9.094, 42.565], [9.127, 42.561], [9.132, 42.546], [9.193, 42.506], [9.18, 42.494], [9.155, 42.51], [9.132, 42.496], [9.078, 42.507], [9.075, 42.538]]]}}, {"type": "Feature", "properties": {"code": "2B081", "apl": 0.0, "pop": 41, "communeName": "Castiglione", "dept": "2B", "category": "severe"}, "geometry": {"type": "Polygon", "coordinates": [[[9.112, 42.388], [9.092, 42.389], [9.074, 42.417], [9.079, 42.428], [9.107, 42.43], [9.147, 42.422], [9.152, 42.395], [9.112, 42.388]]]}}, {"type": "Feature", "properties": {"code": "2B095", "apl": 0.0, "pop": 126, "communeName": "Corscia", "dept": "2B", "category": "severe"}, "geometry": {"type": "Polygon", "coordinates": [[[8.978, 42.392], [9.048, 42.401], [9.074, 42.417], [9.092, 42.389], [9.112, 42.388], [9.083, 42.349], [9.098, 42.336], [9.093, 42.323], [9.076, 42.314], [9.039, 42.336], [9.025, 42.353], [9.019, 42.371], [8.978, 42.392]]]}}, {"type": "Feature", "properties": {"code": "2B097", "apl": 0.0, "pop": 50, "communeName": "Costa", "dept": "2B", "category": "severe"}, "geometry": {"type": "Polygon", "coordinates": [[[9.004, 42.569], [8.993, 42.574], [9, 42.585], [9.004, 42.569]]]}}, {"type": "Feature", "properties": {"code": "2B102", "apl": 0.0, "pop": 80, "communeName": "Crocicchia", "dept": "2B", "category": "severe"}, "geometry": {"type": "Polygon", "coordinates": [[[9.341, 42.484], [9.371, 42.485], [9.372, 42.479], [9.365, 42.47], [9.333, 42.466], [9.341, 42.484]]]}}, {"type": "Feature", "properties": {"code": "2B105", "apl": 0.0, "pop": 100, "communeName": "Erbajolo", "dept": "2B", "category": "severe"}, "geometry": {"type": "Polygon", "coordinates": [[[9.245, 42.228], [9.229, 42.241], [9.232, 42.25], [9.282, 42.277], [9.299, 42.265], [9.282, 42.257], [9.258, 42.227], [9.245, 42.228]]]}}, {"type": "Feature", "properties": {"code": "2B106", "apl": 0.0, "pop": 12, "communeName": "Érone", "dept": "2B", "category": "severe"}, "geometry": {"type": "Polygon", "coordinates": [[[9.28, 42.364], [9.251, 42.371], [9.259, 42.387], [9.279, 42.379], [9.28, 42.364]]]}}, {"type": "Feature", "properties": {"code": "2B110", "apl": 0.0, "pop": 68, "communeName": "Favalello", "dept": "2B", "category": "severe"}, "geometry": {"type": "Polygon", "coordinates": [[[9.274, 42.303], [9.281, 42.296], [9.236, 42.277], [9.223, 42.289], [9.229, 42.295], [9.247, 42.291], [9.274, 42.303]]]}}, {"type": "Feature", "properties": {"code": "2B111", "apl": 0.0, "pop": 50, "communeName": "Felce", "dept": "2B", "category": "severe"}, "geometry": {"type": "Polygon", "coordinates": [[[9.43, 42.355], [9.445, 42.341], [9.413, 42.335], [9.411, 42.356], [9.43, 42.355]]]}}, {"type": "Feature", "properties": {"code": "2B113", "apl": 0.0, "pop": 58, "communeName": "Ficaja", "dept": "2B", "category": "severe"}, "geometry": {"type": "Polygon", "coordinates": [[[9.389, 42.408], [9.364, 42.418], [9.397, 42.427], [9.39, 42.416], [9.389, 42.408]]]}}, {"type": "Feature", "properties": {"code": "2B116", "apl": 0.0, "pop": 30, "communeName": "Focicchia", "dept": "2B", "category": "severe"}, "geometry": {"type": "Polygon", "coordinates": [[[9.311, 42.244], [9.279, 42.241], [9.258, 42.227], [9.282, 42.257], [9.299, 42.265], [9.314, 42.257], [9.311, 42.244]]]}}, {"type": "Feature", "properties": {"code": "2B121", "apl": 0.0, "pop": 379, "communeName": "Galéria", "dept": "2B", "category": "severe"}, "geometry": {"type": "Polygon", "coordinates": [[[8.725, 42.342], [8.684, 42.348], [8.641, 42.374], [8.595, 42.37], [8.573, 42.382], [8.608, 42.394], [8.609, 42.417], [8.655, 42.415], [8.679, 42.467], [8.744, 42.447], [8.763, 42.461], [8.793, 42.455], [8.8, 42.435], [8.838, 42.419], [8.815, 42.402], [8.729, 42.409], [8.744, 42.368], [8.725, 42.342]]]}}, {"type": "Feature", "properties": {"code": "2B124", "apl": 0.0, "pop": 205, "communeName": "Ghisoni", "dept": "2B", "category": "severe"}, "geometry": {"type": "Polygon", "coordinates": [[[9.228, 42.045], [9.221, 42.027], [9.16, 42.027], [9.134, 42.06], [9.134, 42.091], [9.18, 42.141], [9.219, 42.163], [9.251, 42.141], [9.28, 42.11], [9.345, 42.101], [9.341, 42.093], [9.279, 42.094], [9.275, 42.076], [9.239, 42.075], [9.228, 42.045]]]}}, {"type": "Feature", "properties": {"code": "2B125", "apl": 0.0, "pop": 55, "communeName": "Giocatojo", "dept": "2B", "category": "severe"}, "geometry": {"type": "Polygon", "coordinates": [[[9.36, 42.444], [9.328, 42.444], [9.358, 42.452], [9.36, 42.444]]]}}, {"type": "Feature", "properties": {"code": "2B126", "apl": 0.0, "pop": 72, "communeName": "Giuncaggio", "dept": "2B", "category": "severe"}, "geometry": {"type": "Polygon", "coordinates": [[[9.453, 42.144], [9.452, 42.143], [9.414, 42.176], [9.39, 42.173], [9.355, 42.194], [9.348, 42.218], [9.364, 42.224], [9.371, 42.208], [9.403, 42.196], [9.411, 42.181], [9.453, 42.144]]]}}, {"type": "Feature", "properties": {"code": "2B136", "apl": 0.0, "pop": 150, "communeName": "Lama", "dept": "2B", "category": "severe"}, "geometry": {"type": "Polygon", "coordinates": [[[9.135, 42.608], [9.166, 42.591], [9.21, 42.595], [9.21, 42.586], [9.212, 42.579], [9.178, 42.563], [9.134, 42.57], [9.135, 42.608]]]}}, {"type": "Feature", "properties": {"code": "2B137", "apl": 0.0, "pop": 22, "communeName": "Lano", "dept": "2B", "category": "severe"}, "geometry": {"type": "Polygon", "coordinates": [[[9.229, 42.359], [9.228, 42.384], [9.209, 42.395], [9.257, 42.392], [9.259, 42.387], [9.251, 42.371], [9.234, 42.355], [9.229, 42.359]]]}}, {"type": "Feature", "properties": {"code": "2B143", "apl": 0.0, "pop": 1103, "communeName": "Linguizzetta", "dept": "2B", "category": "severe"}, "geometry": {"type": "Polygon", "coordinates": [[[9.444, 42.27], [9.444, 42.27], [9.466, 42.272], [9.527, 42.244], [9.553, 42.241], [9.559, 42.196], [9.554, 42.157], [9.52, 42.168], [9.479, 42.191], [9.473, 42.222], [9.444, 42.27]]]}}, {"type": "Feature", "properties": {"code": "2B147", "apl": 0.0, "pop": 111, "communeName": "Lozzi", "dept": "2B", "category": "severe"}, "geometry": {"type": "Polygon", "coordinates": [[[8.93, 42.373], [8.978, 42.392], [9.019, 42.371], [9.025, 42.353], [8.998, 42.334], [8.964, 42.337], [8.95, 42.362], [8.93, 42.373]]]}}, {"type": "Feature", "properties": {"code": "2B149", "apl": 0.0, "pop": 84, "communeName": "Lugo-di-Nazza", "dept": "2B", "category": "severe"}, "geometry": {"type": "Polygon", "coordinates": [[[9.341, 42.093], [9.359, 42.085], [9.367, 42.049], [9.317, 42.061], [9.275, 42.076], [9.279, 42.094], [9.341, 42.093]]]}}, {"type": "Feature", "properties": {"code": "2B153", "apl": 0.0, "pop": 118, "communeName": "Manso", "dept": "2B", "category": "severe"}, "geometry": {"type": "Polygon", "coordinates": [[[8.771, 42.325], [8.757, 42.339], [8.725, 42.342], [8.744, 42.368], [8.729, 42.409], [8.815, 42.402], [8.838, 42.419], [8.862, 42.421], [8.911, 42.41], [8.901, 42.383], [8.914, 42.375], [8.857, 42.331], [8.828, 42.319], [8.771, 42.325]]]}}, {"type": "Feature", "properties": {"code": "2B155", "apl": 0.0, "pop": 49, "communeName": "Matra", "dept": "2B", "category": "severe"}, "geometry": {"type": "Polygon", "coordinates": [[[9.379, 42.3], [9.396, 42.298], [9.397, 42.266], [9.378, 42.273], [9.379, 42.3]]]}}, {"type": "Feature", "properties": {"code": "2B156", "apl": 0.0, "pop": 25, "communeName": "Mausoléo", "dept": "2B", "category": "severe"}, "geometry": {"type": "Polygon", "coordinates": [[[8.922, 42.492], [8.957, 42.506], [8.977, 42.504], [9.006, 42.528], [9.022, 42.511], [8.944, 42.472], [8.917, 42.467], [8.922, 42.492]]]}}, {"type": "Feature", "properties": {"code": "2B157", "apl": 0.0, "pop": 27, "communeName": "Mazzola", "dept": "2B", "category": "severe"}, "geometry": {"type": "Polygon", "coordinates": [[[9.345, 42.328], [9.334, 42.284], [9.306, 42.301], [9.341, 42.326], [9.345, 42.328]]]}}, {"type": "Feature", "properties": {"code": "2B161", "apl": 0.0, "pop": 63, "communeName": "Moïta", "dept": "2B", "category": "severe"}, "geometry": {"type": "Polygon", "coordinates": [[[9.396, 42.298], [9.421, 42.289], [9.431, 42.282], [9.404, 42.263], [9.397, 42.266], [9.396, 42.298]]]}}, {"type": "Feature", "properties": {"code": "2B162", "apl": 0.0, "pop": 714, "communeName": "Moltifao", "dept": "2B", "category": "severe"}, "geometry": {"type": "Polygon", "coordinates": [[[9.177, 42.459], [9.15, 42.452], [9.107, 42.43], [9.079, 42.428], [9.084, 42.467], [9.057, 42.489], [9.061, 42.504], [9.078, 42.507], [9.132, 42.496], [9.155, 42.51], [9.18, 42.494], [9.192, 42.483], [9.177, 42.459]]]}}, {"type": "Feature", "properties": {"code": "2B164", "apl": 0.0, "pop": 23, "communeName": "Monacia-d'Orezza", "dept": "2B", "category": "severe"}, "geometry": {"type": "Polygon", "coordinates": [[[9.394, 42.373], [9.387, 42.389], [9.389, 42.39], [9.388, 42.391], [9.42, 42.385], [9.426, 42.373], [9.402, 42.373], [9.394, 42.373]]]}}, {"type": "Feature", "properties": {"code": "2B166", "apl": 0.0, "pop": 630, "communeName": "Monte", "dept": "2B", "category": "severe"}, "geometry": {"type": "Polygon", "coordinates": [[[9.392, 42.449], [9.386, 42.451], [9.372, 42.479], [9.371, 42.485], [9.381, 42.503], [9.384, 42.5], [9.399, 42.487], [9.439, 42.517], [9.453, 42.525], [9.451, 42.504], [9.418, 42.492], [9.408, 42.463], [9.397, 42.455], [9.392, 42.449]]]}}, {"type": "Feature", "properties": {"code": "2B179", "apl": 0.0, "pop": 60, "communeName": "Novale", "dept": "2B", "category": "severe"}, "geometry": {"type": "Polygon", "coordinates": [[[9.426, 42.301], [9.421, 42.289], [9.396, 42.298], [9.403, 42.315], [9.413, 42.318], [9.426, 42.301]]]}}, {"type": "Feature", "properties": {"code": "2B180", "apl": 0.0, "pop": 79, "communeName": "Novella", "dept": "2B", "category": "severe"}, "geometry": {"type": "Polygon", "coordinates": [[[9.127, 42.561], [9.094, 42.565], [9.074, 42.579], [9.072, 42.596], [9.096, 42.646], [9.135, 42.608], [9.134, 42.57], [9.127, 42.561]]]}}, {"type": "Feature", "properties": {"code": "2B182", "apl": 0.0, "pop": 254, "communeName": "Occhiatana", "dept": "2B", "category": "severe"}, "geometry": {"type": "Polygon", "coordinates": [[[9.02, 42.552], [9.008, 42.559], [9.004, 42.569], [9, 42.585], [8.985, 42.62], [8.98, 42.639], [9, 42.642], [8.998, 42.614], [9.016, 42.578], [9.038, 42.574], [9.02, 42.552]]]}}, {"type": "Feature", "properties": {"code": "2B183", "apl": 0.0, "pop": 91, "communeName": "Ogliastro", "dept": "2B", "category": "severe"}, "geometry": {"type": "Polygon", "coordinates": [[[9.385, 42.835], [9.385, 42.827], [9.359, 42.807], [9.338, 42.804], [9.326, 42.812], [9.349, 42.834], [9.385, 42.835]]]}}, {"type": "Feature", "properties": {"code": "2B184", "apl": 0.0, "pop": 94, "communeName": "Olcani", "dept": "2B", "category": "severe"}, "geometry": {"type": "Polygon", "coordinates": [[[9.418, 42.789], [9.381, 42.79], [9.359, 42.807], [9.385, 42.827], [9.416, 42.796], [9.418, 42.789]]]}}, {"type": "Feature", "properties": {"code": "2B187", "apl": 0.0, "pop": 130, "communeName": "Olmeta-di-Capocorso", "dept": "2B", "category": "severe"}, "geometry": {"type": "Polygon", "coordinates": [[[9.381, 42.79], [9.418, 42.789], [9.415, 42.773], [9.388, 42.748], [9.344, 42.74], [9.34, 42.761], [9.381, 42.79]]]}}, {"type": "Feature", "properties": {"code": "2B190", "apl": 0.0, "pop": 184, "communeName": "Olmi-Cappella", "dept": "2B", "category": "severe"}, "geometry": {"type": "Polygon", "coordinates": [[[8.917, 42.467], [8.944, 42.472], [9.022, 42.511], [9.006, 42.528], [9.02, 42.552], [9.038, 42.574], [9.041, 42.575], [9.074, 42.579], [9.094, 42.565], [9.075, 42.538], [9.04, 42.533], [9.036, 42.495], [8.965, 42.456], [8.919, 42.46], [8.917, 42.467]]]}}, {"type": "Feature", "properties": {"code": "2B194", "apl": 0.0, "pop": 26, "communeName": "Ortale", "dept": "2B", "category": "severe"}, "geometry": {"type": "Polygon", "coordinates": [[[9.426, 42.301], [9.413, 42.318], [9.456, 42.316], [9.455, 42.307], [9.426, 42.301]]]}}, {"type": "Feature", "properties": {"code": "2B195", "apl": 0.0, "pop": 122, "communeName": "Ortiporio", "dept": "2B", "category": "severe"}, "geometry": {"type": "Polygon", "coordinates": [[[9.331, 42.455], [9.333, 42.466], [9.365, 42.47], [9.365, 42.456], [9.358, 42.452], [9.328, 42.444], [9.325, 42.446], [9.331, 42.455]]]}}, {"type": "Feature", "properties": {"code": "2B199", "apl": 0.0, "pop": 187, "communeName": "Palasca", "dept": "2B", "category": "severe"}, "geometry": {"type": "Polygon", "coordinates": [[[9.096, 42.646], [9.072, 42.596], [9.074, 42.579], [9.041, 42.575], [9.016, 42.616], [9.018, 42.642], [9.057, 42.66], [9.062, 42.694], [9.106, 42.656], [9.096, 42.646]]]}}, {"type": "Feature", "properties": {"code": "2B201", "apl": 0.0, "pop": 197, "communeName": "Pancheraccia", "dept": "2B", "category": "severe"}, "geometry": {"type": "Polygon", "coordinates": [[[9.364, 42.224], [9.382, 42.234], [9.385, 42.233], [9.42, 42.203], [9.454, 42.15], [9.453, 42.144], [9.411, 42.181], [9.403, 42.196], [9.371, 42.208], [9.364, 42.224]]]}}, {"type": "Feature", "properties": {"code": "2B202", "apl": 0.0, "pop": 25, "communeName": "Parata", "dept": "2B", "category": "severe"}, "geometry": {"type": "Polygon", "coordinates": [[[9.43, 42.355], [9.402, 42.373], [9.426, 42.373], [9.433, 42.364], [9.43, 42.355]]]}}, {"type": "Feature", "properties": {"code": "2B206", "apl": 0.0, "pop": 40, "communeName": "Penta-Acquatella", "dept": "2B", "category": "severe"}, "geometry": {"type": "Polygon", "coordinates": [[[9.386, 42.451], [9.365, 42.456], [9.365, 42.47], [9.372, 42.479], [9.386, 42.451]]]}}, {"type": "Feature", "properties": {"code": "2B208", "apl": 0.0, "pop": 109, "communeName": "Perelli", "dept": "2B", "category": "severe"}, "geometry": {"type": "Polygon", "coordinates": [[[9.379, 42.3], [9.368, 42.316], [9.402, 42.332], [9.403, 42.331], [9.408, 42.325], [9.403, 42.315], [9.396, 42.298], [9.379, 42.3]]]}}, {"type": "Feature", "properties": {"code": "2B210", "apl": 0.0, "pop": 113, "communeName": "Pero-Casevecchie", "dept": "2B", "category": "severe"}, "geometry": {"type": "Polygon", "coordinates": [[[9.447, 42.404], [9.462, 42.43], [9.481, 42.422], [9.472, 42.411], [9.447, 42.404]]]}}, {"type": "Feature", "properties": {"code": "2B213", "apl": 0.0, "pop": 57, "communeName": "Pianello", "dept": "2B", "category": "severe"}, "geometry": {"type": "Polygon", "coordinates": [[[9.368, 42.316], [9.379, 42.3], [9.378, 42.273], [9.358, 42.273], [9.335, 42.28], [9.334, 42.284], [9.345, 42.328], [9.347, 42.33], [9.354, 42.328], [9.368, 42.316]]]}}, {"type": "Feature", "properties": {"code": "2B216", "apl": 0.0, "pop": 19, "communeName": "Piazzali", "dept": "2B", "category": "severe"}, "geometry": {"type": "Polygon", "coordinates": [[[9.413, 42.318], [9.403, 42.315], [9.408, 42.325], [9.413, 42.318]]]}}, {"type": "Feature", "properties": {"code": "2B217", "apl": 0.0, "pop": 47, "communeName": "Piazzole", "dept": "2B", "category": "severe"}, "geometry": {"type": "Polygon", "coordinates": [[[9.424, 42.391], [9.42, 42.385], [9.388, 42.391], [9.389, 42.398], [9.392, 42.404], [9.424, 42.391]]]}}, {"type": "Feature", "properties": {"code": "2B218", "apl": 0.0, "pop": 104, "communeName": "Piedicorte-di-Gaggio", "dept": "2B", "category": "severe"}, "geometry": {"type": "Polygon", "coordinates": [[[9.355, 42.194], [9.317, 42.181], [9.292, 42.199], [9.311, 42.244], [9.314, 42.257], [9.331, 42.255], [9.339, 42.251], [9.348, 42.218], [9.355, 42.194]]]}}, {"type": "Feature", "properties": {"code": "2B219", "apl": 0.0, "pop": 81, "communeName": "Piedicroce", "dept": "2B", "category": "severe"}, "geometry": {"type": "Polygon", "coordinates": [[[9.385, 42.399], [9.385, 42.399], [9.389, 42.398], [9.388, 42.391], [9.389, 42.39], [9.376, 42.39], [9.373, 42.379], [9.36, 42.37], [9.345, 42.383], [9.35, 42.383], [9.365, 42.388], [9.385, 42.399]]]}}, {"type": "Feature", "properties": {"code": "2B220", "apl": 0.0, "pop": 143, "communeName": "Piedigriggio", "dept": "2B", "category": "severe"}, "geometry": {"type": "Polygon", "coordinates": [[[9.15, 42.452], [9.177, 42.459], [9.201, 42.445], [9.209, 42.433], [9.203, 42.427], [9.164, 42.441], [9.15, 42.452]]]}}, {"type": "Feature", "properties": {"code": "2B221", "apl": 0.0, "pop": 16, "communeName": "Piedipartino", "dept": "2B", "category": "severe"}, "geometry": {"type": "Polygon", "coordinates": [[[9.36, 42.37], [9.365, 42.371], [9.339, 42.342], [9.331, 42.36], [9.36, 42.37]]]}}, {"type": "Feature", "properties": {"code": "2B222", "apl": 0.0, "pop": 38, "communeName": "Pie-d'Orezza", "dept": "2B", "category": "severe"}, "geometry": {"type": "Polygon", "coordinates": [[[9.325, 42.377], [9.327, 42.391], [9.345, 42.383], [9.36, 42.37], [9.331, 42.36], [9.329, 42.363], [9.325, 42.377]]]}}, {"type": "Feature", "properties": {"code": "2B223", "apl": 0.0, "pop": 500, "communeName": "Pietralba", "dept": "2B", "category": "severe"}, "geometry": {"type": "Polygon", "coordinates": [[[9.229, 42.549], [9.222, 42.528], [9.193, 42.506], [9.132, 42.546], [9.127, 42.561], [9.134, 42.57], [9.178, 42.563], [9.212, 42.579], [9.22, 42.56], [9.229, 42.549]]]}}, {"type": "Feature", "properties": {"code": "2B226", "apl": 0.0, "pop": 58, "communeName": "Pietraserena", "dept": "2B", "category": "severe"}, "geometry": {"type": "Polygon", "coordinates": [[[9.382, 42.234], [9.364, 42.224], [9.348, 42.218], [9.339, 42.251], [9.35, 42.251], [9.36, 42.245], [9.382, 42.234]]]}}, {"type": "Feature", "properties": {"code": "2B227", "apl": 0.0, "pop": 33, "communeName": "Pietricaggio", "dept": "2B", "category": "severe"}, "geometry": {"type": "Polygon", "coordinates": [[[9.368, 42.316], [9.354, 42.328], [9.39, 42.34], [9.402, 42.332], [9.368, 42.316]]]}}, {"type": "Feature", "properties": {"code": "2B229", "apl": 0.0, "pop": 348, "communeName": "Pietroso", "dept": "2B", "category": "severe"}, "geometry": {"type": "Polygon", "coordinates": [[[9.39, 42.083], [9.345, 42.101], [9.28, 42.11], [9.251, 42.141], [9.284, 42.149], [9.329, 42.114], [9.368, 42.1], [9.39, 42.083]]]}}, {"type": "Feature", "properties": {"code": "2B233", "apl": 0.0, "pop": 161, "communeName": "Pino", "dept": "2B", "category": "severe"}, "geometry": {"type": "Polygon", "coordinates": [[[9.377, 42.911], [9.361, 42.89], [9.326, 42.901], [9.36, 42.923], [9.377, 42.911]]]}}, {"type": "Feature", "properties": {"code": "2B234", "apl": 0.0, "pop": 17, "communeName": "Piobetta", "dept": "2B", "category": "severe"}, "geometry": {"type": "Polygon", "coordinates": [[[9.392, 42.354], [9.39, 42.34], [9.354, 42.328], [9.347, 42.33], [9.344, 42.339], [9.373, 42.347], [9.392, 42.354]]]}}, {"type": "Feature", "properties": {"code": "2B235", "apl": 0.0, "pop": 86, "communeName": "Pioggiola", "dept": "2B", "category": "severe"}, "geometry": {"type": "Polygon", "coordinates": [[[9.006, 42.528], [8.977, 42.504], [8.957, 42.506], [8.922, 42.492], [8.919, 42.498], [8.94, 42.516], [8.966, 42.531], [8.974, 42.538], [8.999, 42.549], [9.008, 42.559], [9.02, 42.552], [9.006, 42.528]]]}}, {"type": "Feature", "properties": {"code": "2B236", "apl": 0.0, "pop": 184, "communeName": "Poggio-di-Nazza", "dept": "2B", "category": "severe"}, "geometry": {"type": "Polygon", "coordinates": [[[9.367, 42.035], [9.316, 42.036], [9.279, 42.034], [9.259, 42.046], [9.228, 42.045], [9.239, 42.075], [9.275, 42.076], [9.317, 42.061], [9.367, 42.049], [9.367, 42.035]]]}}, {"type": "Feature", "properties": {"code": "2B241", "apl": 0.0, "pop": 33, "communeName": "Poggio-Marinaccio", "dept": "2B", "category": "severe"}, "geometry": {"type": "Polygon", "coordinates": [[[9.327, 42.435], [9.328, 42.444], [9.36, 42.444], [9.373, 42.438], [9.327, 42.435]]]}}, {"type": "Feature", "properties": {"code": "2B244", "apl": 0.0, "pop": 42, "communeName": "Popolasca", "dept": "2B", "category": "severe"}, "geometry": {"type": "Polygon", "coordinates": [[[9.15, 42.452], [9.164, 42.441], [9.147, 42.422], [9.107, 42.43], [9.15, 42.452]]]}}, {"type": "Feature", "properties": {"code": "2B248", "apl": 0.0, "pop": 48, "communeName": "Prato-di-Giovellina", "dept": "2B", "category": "severe"}, "geometry": {"type": "Polygon", "coordinates": [[[9.152, 42.395], [9.147, 42.422], [9.164, 42.441], [9.203, 42.427], [9.199, 42.421], [9.165, 42.394], [9.152, 42.395]]]}}, {"type": "Feature", "properties": {"code": "2B252", "apl": 0.0, "pop": 178, "communeName": "Pruno", "dept": "2B", "category": "severe"}, "geometry": {"type": "Polygon", "coordinates": [[[9.462, 42.446], [9.462, 42.43], [9.447, 42.404], [9.439, 42.408], [9.432, 42.426], [9.449, 42.436], [9.462, 42.446]]]}}, {"type": "Feature", "properties": {"code": "2B256", "apl": 0.0, "pop": 29, "communeName": "Rapaggio", "dept": "2B", "category": "severe"}, "geometry": {"type": "Polygon", "coordinates": [[[9.394, 42.373], [9.381, 42.365], [9.379, 42.365], [9.375, 42.369], [9.387, 42.389], [9.394, 42.373]]]}}, {"type": "Feature", "properties": {"code": "2B263", "apl": 0.0, "pop": 70, "communeName": "Rospigliani", "dept": "2B", "category": "severe"}, "geometry": {"type": "Polygon", "coordinates": [[[9.242, 42.218], [9.261, 42.198], [9.219, 42.165], [9.227, 42.203], [9.242, 42.218]]]}}, {"type": "Feature", "properties": {"code": "2B264", "apl": 0.0, "pop": 61, "communeName": "Rusio", "dept": "2B", "category": "severe"}, "geometry": {"type": "Polygon", "coordinates": [[[9.238, 42.352], [9.234, 42.355], [9.251, 42.371], [9.28, 42.364], [9.279, 42.361], [9.272, 42.341], [9.258, 42.329], [9.255, 42.336], [9.238, 42.352]]]}}, {"type": "Feature", "properties": {"code": "2B273", "apl": 0.0, "pop": 42, "communeName": "Scata", "dept": "2B", "category": "severe"}, "geometry": {"type": "Polygon", "coordinates": [[[9.39, 42.416], [9.397, 42.427], [9.405, 42.431], [9.418, 42.428], [9.415, 42.417], [9.39, 42.416]]]}}, {"type": "Feature", "properties": {"code": "2B275", "apl": 0.0, "pop": 74, "communeName": "Sermano", "dept": "2B", "category": "severe"}, "geometry": {"type": "Polygon", "coordinates": [[[9.272, 42.341], [9.281, 42.335], [9.278, 42.319], [9.274, 42.303], [9.247, 42.291], [9.258, 42.329], [9.272, 42.341]]]}}, {"type": "Feature", "properties": {"code": "2B277", "apl": 0.0, "pop": 333, "communeName": "Serra-di-Fiumorbo", "dept": "2B", "category": "severe"}, "geometry": {"type": "Polygon", "coordinates": [[[9.231, 41.933], [9.277, 41.978], [9.297, 41.986], [9.324, 41.996], [9.372, 42.001], [9.398, 41.976], [9.44, 41.988], [9.415, 41.957], [9.413, 41.938], [9.408, 41.968], [9.344, 41.966], [9.294, 41.95], [9.27, 41.95], [9.231, 41.933]]]}}, {"type": "Feature", "properties": {"code": "2B287", "apl": 0.0, "pop": 140, "communeName": "Sorio", "dept": "2B", "category": "severe"}, "geometry": {"type": "Polygon", "coordinates": [[[9.283, 42.596], [9.283, 42.581], [9.251, 42.562], [9.22, 42.56], [9.212, 42.579], [9.21, 42.586], [9.283, 42.596]]]}}, {"type": "Feature", "properties": {"code": "2B290", "apl": 0.0, "pop": 269, "communeName": "Speloncato", "dept": "2B", "category": "severe"}, "geometry": {"type": "Polygon", "coordinates": [[[8.975, 42.614], [8.983, 42.566], [8.999, 42.549], [8.974, 42.538], [8.952, 42.573], [8.949, 42.587], [8.952, 42.602], [8.975, 42.614]]]}}, {"type": "Feature", "properties": {"code": "2B291", "apl": 0.0, "pop": 34, "communeName": "Stazzona", "dept": "2B", "category": "severe"}, "geometry": {"type": "Polygon", "coordinates": [[[9.365, 42.371], [9.36, 42.37], [9.373, 42.379], [9.376, 42.39], [9.389, 42.39], [9.387, 42.389], [9.375, 42.369], [9.365, 42.371]]]}}, {"type": "Feature", "properties": {"code": "2B292", "apl": 0.0, "pop": 61, "communeName": "Sant'Andréa-di-Bozio", "dept": "2B", "category": "severe"}, "geometry": {"type": "Polygon", "coordinates": [[[9.236, 42.277], [9.281, 42.296], [9.294, 42.301], [9.306, 42.301], [9.334, 42.284], [9.335, 42.28], [9.331, 42.255], [9.314, 42.257], [9.299, 42.265], [9.282, 42.277], [9.232, 42.25], [9.228, 42.25], [9.236, 42.277]]]}}, {"type": "Feature", "properties": {"code": "2B297", "apl": 0.0, "pop": 53, "communeName": "San-Damiano", "dept": "2B", "category": "severe"}, "geometry": {"type": "Polygon", "coordinates": [[[9.439, 42.408], [9.447, 42.404], [9.424, 42.391], [9.392, 42.404], [9.389, 42.408], [9.39, 42.416], [9.415, 42.417], [9.439, 42.408]]]}}, {"type": "Feature", "properties": {"code": "2B299", "apl": 0.0, "pop": 105, "communeName": "San-Gavino-d'Ampugnani", "dept": "2B", "category": "severe"}, "geometry": {"type": "Polygon", "coordinates": [[[9.439, 42.408], [9.415, 42.417], [9.418, 42.428], [9.432, 42.426], [9.439, 42.408]]]}}, {"type": "Feature", "properties": {"code": "2B304", "apl": 0.0, "pop": 140, "communeName": "San-Lorenzo", "dept": "2B", "category": "severe"}, "geometry": {"type": "Polygon", "coordinates": [[[9.325, 42.377], [9.279, 42.379], [9.259, 42.387], [9.257, 42.392], [9.256, 42.403], [9.305, 42.392], [9.327, 42.396], [9.327, 42.391], [9.325, 42.377]]]}}, {"type": "Feature", "properties": {"code": "2B306", "apl": 0.0, "pop": 116, "communeName": "Santa-Lucia-di-Mercurio", "dept": "2B", "category": "severe"}, "geometry": {"type": "Polygon", "coordinates": [[[9.194, 42.323], [9.238, 42.352], [9.255, 42.336], [9.229, 42.295], [9.223, 42.289], [9.206, 42.285], [9.188, 42.294], [9.194, 42.323]]]}}, {"type": "Feature", "properties": {"code": "2B317", "apl": 0.0, "pop": 57, "communeName": "Santa-Reparata-di-Moriani", "dept": "2B", "category": "severe"}, "geometry": {"type": "Polygon", "coordinates": [[[9.48, 42.342], [9.479, 42.337], [9.47, 42.334], [9.458, 42.339], [9.445, 42.341], [9.43, 42.355], [9.433, 42.364], [9.451, 42.369], [9.48, 42.353], [9.48, 42.342]]]}}, {"type": "Feature", "properties": {"code": "2B318", "apl": 0.0, "pop": 595, "communeName": "Taglio-Isolaccio", "dept": "2B", "category": "severe"}, "geometry": {"type": "Polygon", "coordinates": [[[9.462, 42.43], [9.462, 42.446], [9.541, 42.438], [9.543, 42.428], [9.522, 42.431], [9.481, 42.422], [9.462, 42.43]]]}}, {"type": "Feature", "properties": {"code": "2B320", "apl": 0.0, "pop": 282, "communeName": "Tallone", "dept": "2B", "category": "severe"}, "geometry": {"type": "Polygon", "coordinates": [[[9.411, 42.249], [9.449, 42.221], [9.473, 42.222], [9.479, 42.191], [9.52, 42.168], [9.554, 42.157], [9.556, 42.142], [9.534, 42.13], [9.454, 42.15], [9.42, 42.203], [9.385, 42.233], [9.411, 42.249]]]}}, {"type": "Feature", "properties": {"code": "2B321", "apl": 0.0, "pop": 15, "communeName": "Tarrano", "dept": "2B", "category": "severe"}, "geometry": {"type": "Polygon", "coordinates": [[[9.39, 42.34], [9.392, 42.354], [9.411, 42.356], [9.413, 42.335], [9.403, 42.331], [9.402, 42.332], [9.39, 42.34]]]}}, {"type": "Feature", "properties": {"code": "2B328", "apl": 0.0, "pop": 98, "communeName": "Tox", "dept": "2B", "category": "severe"}, "geometry": {"type": "Polygon", "coordinates": [[[9.473, 42.222], [9.449, 42.221], [9.411, 42.249], [9.409, 42.254], [9.444, 42.27], [9.473, 42.222]]]}}, {"type": "Feature", "properties": {"code": "2B332", "apl": 0.0, "pop": 249, "communeName": "Urtaca", "dept": "2B", "category": "severe"}, "geometry": {"type": "Polygon", "coordinates": [[[9.135, 42.608], [9.096, 42.646], [9.106, 42.656], [9.173, 42.627], [9.21, 42.595], [9.166, 42.591], [9.135, 42.608]]]}}, {"type": "Feature", "properties": {"code": "2B334", "apl": 0.0, "pop": 112, "communeName": "Valle-d'Alesani", "dept": "2B", "category": "severe"}, "geometry": {"type": "Polygon", "coordinates": [[[9.413, 42.318], [9.408, 42.325], [9.403, 42.331], [9.413, 42.335], [9.445, 42.341], [9.458, 42.339], [9.456, 42.316], [9.413, 42.318]]]}}, {"type": "Feature", "properties": {"code": "2B338", "apl": 0.0, "pop": 27, "communeName": "Valle-d'Orezza", "dept": "2B", "category": "severe"}, "geometry": {"type": "Polygon", "coordinates": [[[9.381, 42.365], [9.394, 42.373], [9.402, 42.373], [9.43, 42.355], [9.411, 42.356], [9.392, 42.354], [9.381, 42.365]]]}}, {"type": "Feature", "properties": {"code": "2B339", "apl": 0.0, "pop": 28, "communeName": "Vallica", "dept": "2B", "category": "severe"}, "geometry": {"type": "Polygon", "coordinates": [[[9.061, 42.504], [9.036, 42.495], [9.04, 42.533], [9.075, 42.538], [9.078, 42.507], [9.061, 42.504]]]}}, {"type": "Feature", "properties": {"code": "2B340", "apl": 0.0, "pop": 111, "communeName": "Velone-Orneto", "dept": "2B", "category": "severe"}, "geometry": {"type": "Polygon", "coordinates": [[[9.42, 42.385], [9.424, 42.391], [9.447, 42.404], [9.472, 42.411], [9.486, 42.402], [9.488, 42.39], [9.461, 42.39], [9.433, 42.364], [9.426, 42.373], [9.42, 42.385]]]}}, {"type": "Feature", "properties": {"code": "2B344", "apl": 0.0, "pop": 43, "communeName": "Verdèse", "dept": "2B", "category": "severe"}, "geometry": {"type": "Polygon", "coordinates": [[[9.365, 42.388], [9.367, 42.396], [9.385, 42.399], [9.365, 42.388]]]}}, {"type": "Feature", "properties": {"code": "2B347", "apl": 0.0, "pop": 268, "communeName": "Vezzani", "dept": "2B", "category": "severe"}, "geometry": {"type": "Polygon", "coordinates": [[[9.219, 42.163], [9.219, 42.165], [9.261, 42.198], [9.292, 42.199], [9.317, 42.181], [9.315, 42.159], [9.344, 42.145], [9.357, 42.124], [9.368, 42.1], [9.329, 42.114], [9.284, 42.149], [9.251, 42.141], [9.219, 42.163]]]}}, {"type": "Feature", "properties": {"code": "2B352", "apl": 0.0, "pop": 208, "communeName": "Ville-di-Paraso", "dept": "2B", "category": "severe"}, "geometry": {"type": "Polygon", "coordinates": [[[8.975, 42.614], [8.985, 42.62], [9, 42.585], [8.993, 42.574], [9.004, 42.569], [9.008, 42.559], [8.999, 42.549], [8.983, 42.566], [8.975, 42.614]]]}}, {"type": "Feature", "properties": {"code": "2B356", "apl": 0.0, "pop": 148, "communeName": "Zalana", "dept": "2B", "category": "severe"}, "geometry": {"type": "Polygon", "coordinates": [[[9.382, 42.234], [9.36, 42.245], [9.357, 42.262], [9.358, 42.273], [9.378, 42.273], [9.397, 42.266], [9.404, 42.263], [9.409, 42.254], [9.411, 42.249], [9.385, 42.233], [9.382, 42.234]]]}}, {"type": "Feature", "properties": {"code": "2B364", "apl": 0.0, "pop": 36, "communeName": "Zuani", "dept": "2B", "category": "severe"}, "geometry": {"type": "Polygon", "coordinates": [[[9.335, 42.28], [9.358, 42.273], [9.357, 42.262], [9.35, 42.251], [9.339, 42.251], [9.331, 42.255], [9.335, 42.28]]]}}, {"type": "Feature", "properties": {"code": "2B366", "apl": 0.0, "pop": 108, "communeName": "Chisa", "dept": "2B", "category": "severe"}, "geometry": {"type": "Polygon", "coordinates": [[[9.214, 41.917], [9.231, 41.933], [9.27, 41.95], [9.294, 41.95], [9.312, 41.921], [9.236, 41.876], [9.252, 41.899], [9.214, 41.917]]]}}, {"type": "Feature", "properties": {"code": "30040", "apl": 0.0, "pop": 126, "communeName": "Blandas", "dept": "30", "category": "severe"}, "geometry": {"type": "Polygon", "coordinates": [[[3.56, 43.913], [3.524, 43.886], [3.492, 43.891], [3.482, 43.912], [3.458, 43.92], [3.462, 43.925], [3.47, 43.949], [3.488, 43.956], [3.502, 43.956], [3.539, 43.936], [3.56, 43.913]]]}}, {"type": "Feature", "properties": {"code": "30044", "apl": 0.0, "pop": 80, "communeName": "Bonnevaux", "dept": "30", "category": "severe"}, "geometry": {"type": "Polygon", "coordinates": [[[4.053, 44.379], [4.053, 44.359], [4.03, 44.353], [4.019, 44.38], [4.018, 44.393], [4.044, 44.385], [4.053, 44.379]]]}}, {"type": "Feature", "properties": {"code": "30064", "apl": 0.0, "pop": 145, "communeName": "Campestre-et-Luc", "dept": "30", "category": "severe"}, "geometry": {"type": "Polygon", "coordinates": [[[3.424, 43.912], [3.381, 43.912], [3.358, 43.914], [3.351, 43.938], [3.377, 43.968], [3.406, 43.97], [3.422, 43.965], [3.462, 43.925], [3.458, 43.92], [3.424, 43.912]]]}}, {"type": "Feature", "properties": {"code": "30087", "apl": 0.0, "pop": 214, "communeName": "Colognac", "dept": "30", "category": "severe"}, "geometry": {"type": "Polygon", "coordinates": [[[3.783, 44.041], [3.782, 44.043], [3.818, 44.048], [3.849, 44.022], [3.838, 44.015], [3.792, 44.029], [3.783, 44.041]]]}}, {"type": "Feature", "properties": {"code": "30105", "apl": 0.0, "pop": 137, "communeName": "Dourbies", "dept": "30", "category": "severe"}, "geometry": {"type": "Polygon", "coordinates": [[[3.485, 44.029], [3.464, 44.023], [3.451, 44.023], [3.45, 44.023], [3.445, 44.025], [3.422, 44.051], [3.424, 44.079], [3.403, 44.091], [3.432, 44.091], [3.497, 44.084], [3.54, 44.097], [3.592, 44.068], [3.562, 44.078], [3.549, 44.078], [3.533, 44.04], [3.485, 44.029]]]}}, {"type": "Feature", "properties": {"code": "30198", "apl": 0.0, "pop": 239, "communeName": "Les Plantiers", "dept": "30", "category": "severe"}, "geometry": {"type": "Polygon", "coordinates": [[[3.651, 44.113], [3.695, 44.128], [3.751, 44.132], [3.741, 44.113], [3.752, 44.094], [3.748, 44.078], [3.691, 44.091], [3.651, 44.113]]]}}, {"type": "Feature", "properties": {"code": "30213", "apl": 0.0, "pop": 26, "communeName": "Revens", "dept": "30", "category": "severe"}, "geometry": {"type": "Polygon", "coordinates": [[[3.263, 44.092], [3.324, 44.109], [3.324, 44.08], [3.294, 44.068], [3.263, 44.092]]]}}, {"type": "Feature", "properties": {"code": "30219", "apl": 0.0, "pop": 99, "communeName": "Rogues", "dept": "30", "category": "severe"}, "geometry": {"type": "Polygon", "coordinates": [[[3.524, 43.886], [3.56, 43.913], [3.602, 43.896], [3.575, 43.865], [3.6, 43.853], [3.578, 43.844], [3.528, 43.854], [3.524, 43.886]]]}}, {"type": "Feature", "properties": {"code": "30231", "apl": 0.0, "pop": 354, "communeName": "Saint-André-de-Valborgne", "dept": "30", "category": "severe"}, "geometry": {"type": "Polygon", "coordinates": [[[3.751, 44.132], [3.695, 44.128], [3.651, 44.113], [3.633, 44.121], [3.627, 44.154], [3.65, 44.181], [3.685, 44.183], [3.726, 44.164], [3.755, 44.151], [3.773, 44.142], [3.751, 44.132]]]}}, {"type": "Feature", "properties": {"code": "30283", "apl": 0.0, "pop": 187, "communeName": "Saint-Martial", "dept": "30", "category": "severe"}, "geometry": {"type": "Polygon", "coordinates": [[[3.782, 44.043], [3.783, 44.041], [3.755, 44.033], [3.742, 44.011], [3.713, 44.022], [3.723, 44.036], [3.729, 44.055], [3.754, 44.067], [3.782, 44.043]]]}}, {"type": "Feature", "properties": {"code": "30297", "apl": 0.0, "pop": 216, "communeName": "Saint-Sauveur-Camprieu", "dept": "30", "category": "severe"}, "geometry": {"type": "Polygon", "coordinates": [[[3.439, 44.13], [3.505, 44.126], [3.54, 44.097], [3.497, 44.084], [3.432, 44.091], [3.439, 44.13]]]}}, {"type": "Feature", "properties": {"code": "30310", "apl": 0.0, "pop": 289, "communeName": "Saumane", "dept": "30", "category": "severe"}, "geometry": {"type": "Polygon", "coordinates": [[[3.773, 44.142], [3.797, 44.127], [3.752, 44.094], [3.741, 44.113], [3.751, 44.132], [3.773, 44.142]]]}}, {"type": "Feature", "properties": {"code": "30322", "apl": 0.0, "pop": 266, "communeName": "Soudorgues", "dept": "30", "category": "severe"}, "geometry": {"type": "Polygon", "coordinates": [[[3.754, 44.074], [3.795, 44.076], [3.823, 44.09], [3.842, 44.081], [3.856, 44.063], [3.818, 44.048], [3.782, 44.043], [3.754, 44.067], [3.754, 44.074]]]}}, {"type": "Feature", "properties": {"code": "30332", "apl": 0.0, "pop": 110, "communeName": "Trèves", "dept": "30", "category": "severe"}, "geometry": {"type": "Polygon", "coordinates": [[[3.445, 44.025], [3.417, 44.042], [3.368, 44.058], [3.333, 44.074], [3.329, 44.079], [3.362, 44.1], [3.403, 44.091], [3.424, 44.079], [3.422, 44.051], [3.445, 44.025]]]}}, {"type": "Feature", "properties": {"code": "30353", "apl": 0.0, "pop": 67, "communeName": "Vissec", "dept": "30", "category": "severe"}, "geometry": {"type": "Polygon", "coordinates": [[[3.422, 43.873], [3.438, 43.901], [3.424, 43.912], [3.458, 43.92], [3.482, 43.912], [3.492, 43.891], [3.436, 43.863], [3.422, 43.873]]]}}, {"type": "Feature", "properties": {"code": "31130", "apl": 0.0, "pop": 82, "communeName": "Cazaril-Tambourès", "dept": "31", "category": "severe"}, "geometry": {"type": "Polygon", "coordinates": [[[0.546, 43.19], [0.573, 43.193], [0.577, 43.189], [0.53, 43.164], [0.506, 43.172], [0.546, 43.19]]]}}, {"type": "Feature", "properties": {"code": "31191", "apl": 0.0, "pop": 105, "communeName": "Fougaron", "dept": "31", "category": "severe"}, "geometry": {"type": "Polygon", "coordinates": [[[0.938, 42.966], [0.928, 42.967], [0.913, 42.982], [0.912, 43.007], [0.923, 43.009], [0.965, 42.971], [0.938, 42.966]]]}}, {"type": "Feature", "properties": {"code": "31236", "apl": 0.0, "pop": 70, "communeName": "Herran", "dept": "31", "category": "severe"}, "geometry": {"type": "Polygon", "coordinates": [[[0.912, 42.959], [0.875, 42.958], [0.855, 42.956], [0.851, 42.982], [0.888, 42.994], [0.913, 42.982], [0.928, 42.967], [0.912, 42.959]]]}}, {"type": "Feature", "properties": {"code": "31431", "apl": 0.0, "pop": 60, "communeName": "Portet-d'Aspet", "dept": "31", "category": "severe"}, "geometry": {"type": "Polygon", "coordinates": [[[0.875, 42.958], [0.886, 42.935], [0.841, 42.923], [0.818, 42.951], [0.838, 42.958], [0.855, 42.956], [0.875, 42.958]]]}}, {"type": "Feature", "properties": {"code": "33232", "apl": 0.0, "pop": 40, "communeName": "Lartigue", "dept": "33", "category": "severe"}, "geometry": {"type": "Polygon", "coordinates": [[[-0.122, 44.244], [-0.104, 44.271], [-0.053, 44.266], [-0.067, 44.246], [-0.108, 44.231], [-0.123, 44.241], [-0.122, 44.244]]]}}, {"type": "Feature", "properties": {"code": "34034", "apl": 0.0, "pop": 39, "communeName": "Boisset", "dept": "34", "category": "severe"}, "geometry": {"type": "Polygon", "coordinates": [[[2.676, 43.381], [2.646, 43.385], [2.676, 43.408], [2.666, 43.432], [2.684, 43.43], [2.723, 43.405], [2.723, 43.392], [2.715, 43.377], [2.676, 43.381]]]}}, {"type": "Feature", "properties": {"code": "34046", "apl": 0.0, "pop": 50, "communeName": "Cambon-et-Salvergues", "dept": "34", "category": "severe"}, "geometry": {"type": "Polygon", "coordinates": [[[2.95, 43.606], [2.934, 43.593], [2.906, 43.604], [2.849, 43.598], [2.827, 43.617], [2.828, 43.637], [2.907, 43.654], [2.941, 43.653], [2.95, 43.606]]]}}, {"type": "Feature", "properties": {"code": "34071", "apl": 0.0, "pop": 274, "communeName": "Ceilhes-et-Rocozels", "dept": "34", "category": "severe"}, "geometry": {"type": "Polygon", "coordinates": [[[3.149, 43.81], [3.124, 43.785], [3.091, 43.796], [3.057, 43.783], [3.049, 43.801], [3.065, 43.836], [3.087, 43.836], [3.151, 43.814], [3.149, 43.81]]]}}, {"type": "Feature", "properties": {"code": "34277", "apl": 0.0, "pop": 182, "communeName": "Saint-Maurice-Navacelles", "dept": "34", "category": "severe"}, "geometry": {"type": "Polygon", "coordinates": [[[3.538, 43.791], [3.534, 43.788], [3.51, 43.814], [3.44, 43.839], [3.436, 43.863], [3.492, 43.891], [3.524, 43.886], [3.528, 43.854], [3.578, 43.844], [3.573, 43.824], [3.538, 43.791]]]}}, {"type": "Feature", "properties": {"code": "38040", "apl": 0.0, "pop": 151, "communeName": "Besse", "dept": "38", "category": "severe"}, "geometry": {"type": "Polygon", "coordinates": [[[6.261, 45.127], [6.229, 45.108], [6.24, 45.075], [6.22, 45.065], [6.198, 45.057], [6.152, 45.064], [6.176, 45.106], [6.197, 45.126], [6.202, 45.154], [6.169, 45.154], [6.181, 45.165], [6.261, 45.127]]]}}, {"type": "Feature", "properties": {"code": "38073", "apl": 0.0, "pop": 206, "communeName": "Chantepérier", "dept": "38", "category": "severe"}, "geometry": {"type": "Polygon", "coordinates": [[[6.031, 44.98], [6.042, 44.939], [6.001, 44.907], [5.976, 44.902], [5.934, 44.921], [5.919, 44.932], [5.919, 44.937], [5.934, 44.982], [5.95, 44.993], [5.949, 45.018], [5.995, 45.016], [6.011, 45], [6.031, 44.98]]]}}, {"type": "Feature", "properties": {"code": "38112", "apl": 0.0, "pop": 89, "communeName": "Clavans-en-Haut-Oisans", "dept": "38", "category": "severe"}, "geometry": {"type": "Polygon", "coordinates": [[[6.137, 45.05], [6.148, 45.083], [6.132, 45.102], [6.136, 45.138], [6.144, 45.155], [6.169, 45.154], [6.202, 45.154], [6.197, 45.126], [6.176, 45.106], [6.152, 45.064], [6.137, 45.05]]]}}, {"type": "Feature", "properties": {"code": "38154", "apl": 0.0, "pop": 224, "communeName": "Entraigues", "dept": "38", "category": "severe"}, "geometry": {"type": "Polygon", "coordinates": [[[5.934, 44.921], [5.976, 44.902], [6.001, 44.907], [5.988, 44.867], [5.952, 44.863], [5.94, 44.874], [5.934, 44.921]]]}}, {"type": "Feature", "properties": {"code": "38207", "apl": 0.0, "pop": 158, "communeName": "Lavaldens", "dept": "38", "category": "severe"}, "geometry": {"type": "Polygon", "coordinates": [[[5.852, 44.988], [5.853, 45.004], [5.911, 45.039], [5.92, 45.04], [5.949, 45.018], [5.95, 44.993], [5.934, 44.982], [5.919, 44.937], [5.891, 44.958], [5.87, 44.957], [5.846, 44.969], [5.852, 44.988]]]}}, {"type": "Feature", "properties": {"code": "38216", "apl": 0.0, "pop": 55, "communeName": "Malleval-en-Vercors", "dept": "38", "category": "severe"}, "geometry": {"type": "Polygon", "coordinates": [[[5.418, 45.145], [5.424, 45.165], [5.449, 45.183], [5.471, 45.162], [5.445, 45.125], [5.418, 45.145]]]}}, {"type": "Feature", "properties": {"code": "38264", "apl": 0.0, "pop": 139, "communeName": "La Morte", "dept": "38", "category": "severe"}, "geometry": {"type": "Polygon", "coordinates": [[[5.823, 45.013], [5.839, 45.038], [5.859, 45.045], [5.911, 45.039], [5.853, 45.004], [5.826, 45.005], [5.823, 45.013]]]}}, {"type": "Feature", "properties": {"code": "38355", "apl": 0.0, "pop": 121, "communeName": "Saint-Andéol", "dept": "38", "category": "severe"}, "geometry": {"type": "Polygon", "coordinates": [[[5.478, 44.967], [5.488, 44.99], [5.49, 44.973], [5.53, 44.967], [5.569, 44.962], [5.561, 44.934], [5.484, 44.923], [5.478, 44.967]]]}}, {"type": "Feature", "properties": {"code": "38375", "apl": 0.0, "pop": 102, "communeName": "Saint-Christophe-en-Oisans", "dept": "38", "category": "severe"}, "geometry": {"type": "Polygon", "coordinates": [[[6.318, 45.004], [6.315, 44.979], [6.329, 44.947], [6.358, 44.942], [6.359, 44.888], [6.354, 44.853], [6.336, 44.848], [6.304, 44.873], [6.271, 44.871], [6.25, 44.852], [6.196, 44.859], [6.175, 44.894], [6.146, 44.91], [6.115, 44.909], [6.106, 44.931], [6.16, 44.991], [6.205, 44.993], [6.205, 45.012], [6.252, 44.997], [6.318, 45.004]]]}}, {"type": "Feature", "properties": {"code": "38522", "apl": 0.0, "pop": 155, "communeName": "Valjouffrey", "dept": "38", "category": "severe"}, "geometry": {"type": "Polygon", "coordinates": [[[6.196, 44.859], [6.17, 44.852], [6.133, 44.865], [6.097, 44.838], [6.056, 44.816], [6.03, 44.838], [5.988, 44.867], [6.001, 44.907], [6.042, 44.939], [6.076, 44.937], [6.106, 44.931], [6.115, 44.909], [6.146, 44.91], [6.175, 44.894], [6.196, 44.859]]]}}, {"type": "Feature", "properties": {"code": "38549", "apl": 0.0, "pop": 28, "communeName": "Villard-Notre-Dame", "dept": "38", "category": "severe"}, "geometry": {"type": "Polygon", "coordinates": [[[6.027, 45.037], [6.054, 45.021], [6.031, 44.98], [6.011, 45], [6.027, 45.037]]]}}, {"type": "Feature", "properties": {"code": "38551", "apl": 0.0, "pop": 41, "communeName": "Villard-Reymond", "dept": "38", "category": "severe"}, "geometry": {"type": "Polygon", "coordinates": [[[5.995, 45.016], [5.995, 45.056], [6.027, 45.037], [6.011, 45], [5.995, 45.016]]]}}, {"type": "Feature", "properties": {"code": "40015", "apl": 0.0, "pop": 44, "communeName": "Arx", "dept": "40", "category": "severe"}, "geometry": {"type": "Polygon", "coordinates": [[[0.035, 44.131], [0.136, 44.124], [0.137, 44.11], [0.101, 44.087], [0.077, 44.094], [0.032, 44.118], [0.035, 44.131]]]}}, {"type": "Feature", "properties": {"code": "40158", "apl": 0.0, "pop": 278, "communeName": "Losse", "dept": "40", "category": "severe"}, "geometry": {"type": "Polygon", "coordinates": [[[-0.129, 44.152], [-0.06, 44.151], [-0.056, 44.104], [-0.04, 44.084], [-0.011, 44.069], [0, 44.039], [-0.033, 44.034], [-0.076, 44.037], [-0.128, 44.076], [-0.186, 44.091], [-0.18, 44.1], [-0.148, 44.116], [-0.148, 44.154], [-0.129, 44.152]]]}}, {"type": "Feature", "properties": {"code": "42247", "apl": 0.0, "pop": 282, "communeName": "Saint-Just-en-Bas", "dept": "42", "category": "severe"}, "geometry": {"type": "Polygon", "coordinates": [[[3.873, 45.754], [3.881, 45.756], [3.905, 45.748], [3.914, 45.73], [3.891, 45.702], [3.874, 45.706], [3.836, 45.743], [3.873, 45.754]]]}}, {"type": "Feature", "properties": {"code": "42321", "apl": 0.0, "pop": 101, "communeName": "La Valla-sur-Rochefort", "dept": "42", "category": "severe"}, "geometry": {"type": "Polygon", "coordinates": [[[3.873, 45.754], [3.836, 45.743], [3.816, 45.749], [3.825, 45.767], [3.854, 45.772], [3.873, 45.754]]]}}, {"type": "Feature", "properties": {"code": "43005", "apl": 0.0, "pop": 153, "communeName": "Alleyras", "dept": "43", "category": "severe"}, "geometry": {"type": "Polygon", "coordinates": [[[3.654, 44.88], [3.645, 44.885], [3.651, 44.922], [3.666, 44.935], [3.675, 44.95], [3.688, 44.922], [3.711, 44.907], [3.723, 44.894], [3.698, 44.875], [3.692, 44.873], [3.685, 44.899], [3.654, 44.88]]]}}, {"type": "Feature", "properties": {"code": "43015", "apl": 0.0, "pop": 48, "communeName": "Auvers", "dept": "43", "category": "severe"}, "geometry": {"type": "Polygon", "coordinates": [[[3.373, 44.976], [3.361, 44.971], [3.371, 45.002], [3.378, 45.022], [3.405, 45.02], [3.445, 45.005], [3.4, 44.976], [3.373, 44.976]]]}}, {"type": "Feature", "properties": {"code": "43029", "apl": 0.0, "pop": 100, "communeName": "La Besseyre-Saint-Mary", "dept": "43", "category": "severe"}, "geometry": {"type": "Polygon", "coordinates": [[[3.373, 44.976], [3.4, 44.976], [3.445, 45.005], [3.45, 45.004], [3.431, 44.975], [3.438, 44.951], [3.412, 44.945], [3.372, 44.96], [3.373, 44.976]]]}}, {"type": "Feature", "properties": {"code": "43054", "apl": 0.0, "pop": 172, "communeName": "Chanaleilles", "dept": "43", "category": "severe"}, "geometry": {"type": "Polygon", "coordinates": [[[3.491, 44.808], [3.479, 44.81], [3.442, 44.854], [3.436, 44.88], [3.509, 44.9], [3.526, 44.894], [3.539, 44.878], [3.518, 44.831], [3.507, 44.824], [3.491, 44.808]]]}}, {"type": "Feature", "properties": {"code": "43064", "apl": 0.0, "pop": 65, "communeName": "Chassignolles", "dept": "43", "category": "severe"}, "geometry": {"type": "Polygon", "coordinates": [[[3.481, 45.384], [3.456, 45.4], [3.501, 45.428], [3.521, 45.402], [3.515, 45.381], [3.481, 45.384]]]}}, {"type": "Feature", "properties": {"code": "43065", "apl": 0.0, "pop": 118, "communeName": "Chastel", "dept": "43", "category": "severe"}, "geometry": {"type": "Polygon", "coordinates": [[[3.308, 45.023], [3.298, 45.039], [3.312, 45.081], [3.287, 45.097], [3.301, 45.107], [3.329, 45.095], [3.344, 45.046], [3.337, 45.025], [3.308, 45.023]]]}}, {"type": "Feature", "properties": {"code": "43083", "apl": 0.0, "pop": 149, "communeName": "Cubelles", "dept": "43", "category": "severe"}, "geometry": {"type": "Polygon", "coordinates": [[[3.585, 45.018], [3.589, 45.014], [3.591, 45], [3.555, 44.979], [3.529, 44.987], [3.543, 45.001], [3.585, 45.018]]]}}, {"type": "Feature", "properties": {"code": "43085", "apl": 0.0, "pop": 56, "communeName": "Desges", "dept": "43", "category": "severe"}, "geometry": {"type": "Polygon", "coordinates": [[[3.441, 45.04], [3.479, 45.034], [3.478, 45.014], [3.45, 45.004], [3.445, 45.005], [3.405, 45.02], [3.414, 45.039], [3.441, 45.04]]]}}, {"type": "Feature", "properties": {"code": "43090", "apl": 0.0, "pop": 126, "communeName": "Esplantas-Vazeilles", "dept": "43", "category": "severe"}, "geometry": {"type": "Polygon", "coordinates": [[[3.509, 44.9], [3.517, 44.902], [3.544, 44.918], [3.574, 44.918], [3.605, 44.905], [3.584, 44.884], [3.526, 44.894], [3.509, 44.9]]]}}, {"type": "Feature", "properties": {"code": "43104", "apl": 0.0, "pop": 188, "communeName": "Grèzes", "dept": "43", "category": "severe"}, "geometry": {"type": "Polygon", "coordinates": [[[3.436, 44.88], [3.419, 44.908], [3.468, 44.944], [3.5, 44.937], [3.517, 44.902], [3.509, 44.9], [3.436, 44.88]]]}}, {"type": "Feature", "properties": {"code": "43116", "apl": 0.0, "pop": 62, "communeName": "Laval-sur-Doulon", "dept": "43", "category": "severe"}, "geometry": {"type": "Polygon", "coordinates": [[[3.548, 45.333], [3.541, 45.347], [3.581, 45.383], [3.587, 45.374], [3.591, 45.357], [3.565, 45.331], [3.548, 45.333]]]}}, {"type": "Feature", "properties": {"code": "43133", "apl": 0.0, "pop": 145, "communeName": "Mercœur", "dept": "43", "category": "severe"}, "geometry": {"type": "Polygon", "coordinates": [[[3.268, 45.154], [3.261, 45.183], [3.272, 45.21], [3.292, 45.22], [3.308, 45.2], [3.34, 45.195], [3.366, 45.204], [3.353, 45.181], [3.315, 45.182], [3.28, 45.169], [3.282, 45.152], [3.268, 45.154]]]}}, {"type": "Feature", "properties": {"code": "43151", "apl": 0.0, "pop": 185, "communeName": "Pinols", "dept": "43", "category": "severe"}, "geometry": {"type": "Polygon", "coordinates": [[[3.436, 45.078], [3.441, 45.04], [3.414, 45.039], [3.405, 45.02], [3.378, 45.022], [3.371, 45.002], [3.35, 45.002], [3.337, 45.025], [3.344, 45.046], [3.377, 45.061], [3.389, 45.057], [3.428, 45.08], [3.436, 45.078]]]}}, {"type": "Feature", "properties": {"code": "43220", "apl": 0.0, "pop": 176, "communeName": "Saint-Préjet-d'Allier", "dept": "43", "category": "severe"}, "geometry": {"type": "Polygon", "coordinates": [[[3.666, 44.935], [3.651, 44.922], [3.645, 44.885], [3.605, 44.905], [3.574, 44.918], [3.588, 44.933], [3.626, 44.933], [3.632, 44.951], [3.666, 44.935]]]}}, {"type": "Feature", "properties": {"code": "43226", "apl": 0.0, "pop": 107, "communeName": "Saint-Vert", "dept": "43", "category": "severe"}, "geometry": {"type": "Polygon", "coordinates": [[[3.541, 45.347], [3.51, 45.367], [3.515, 45.381], [3.521, 45.402], [3.569, 45.402], [3.581, 45.383], [3.541, 45.347]]]}}, {"type": "Feature", "properties": {"code": "43234", "apl": 0.0, "pop": 1681, "communeName": "Saugues", "dept": "43", "category": "severe"}, "geometry": {"type": "Polygon", "coordinates": [[[3.529, 44.987], [3.555, 44.979], [3.591, 45], [3.632, 44.951], [3.626, 44.933], [3.588, 44.933], [3.574, 44.918], [3.544, 44.918], [3.517, 44.902], [3.5, 44.937], [3.468, 44.944], [3.419, 44.908], [3.411, 44.918], [3.412, 44.945], [3.438, 44.951], [3.515, 44.972], [3.529, 44.987]]]}}, {"type": "Feature", "properties": {"code": "43256", "apl": 0.0, "pop": 342, "communeName": "Venteuges", "dept": "43", "category": "severe"}, "geometry": {"type": "Polygon", "coordinates": [[[3.497, 45.008], [3.542, 45.009], [3.543, 45.001], [3.529, 44.987], [3.515, 44.972], [3.438, 44.951], [3.431, 44.975], [3.45, 45.004], [3.478, 45.014], [3.497, 45.008]]]}}, {"type": "Feature", "properties": {"code": "46037", "apl": 0.0, "pop": 93, "communeName": "Bouziès", "dept": "46", "category": "severe"}, "geometry": {"type": "Polygon", "coordinates": [[[1.648, 44.475], [1.61, 44.479], [1.648, 44.493], [1.66, 44.482], [1.648, 44.475]]]}}, {"type": "Feature", "properties": {"code": "46040", "apl": 0.0, "pop": 223, "communeName": "Cabrerets", "dept": "46", "category": "severe"}, "geometry": {"type": "Polygon", "coordinates": [[[1.66, 44.482], [1.648, 44.493], [1.637, 44.504], [1.586, 44.492], [1.558, 44.519], [1.556, 44.537], [1.565, 44.55], [1.594, 44.552], [1.614, 44.539], [1.651, 44.537], [1.684, 44.507], [1.689, 44.499], [1.66, 44.482]]]}}, {"type": "Feature", "properties": {"code": "46125", "apl": 0.0, "pop": 334, "communeName": "Gorses", "dept": "46", "category": "severe"}, "geometry": {"type": "Polygon", "coordinates": [[[1.985, 44.802], [1.979, 44.826], [2.002, 44.826], [2.04, 44.829], [2.068, 44.82], [2.057, 44.792], [2.078, 44.777], [2.084, 44.761], [2.074, 44.756], [2.031, 44.765], [2.002, 44.779], [1.985, 44.802]]]}}, {"type": "Feature", "properties": {"code": "46161", "apl": 0.0, "pop": 245, "communeName": "Lauresses", "dept": "46", "category": "severe"}, "geometry": {"type": "Polygon", "coordinates": [[[2.151, 44.77], [2.149, 44.77], [2.12, 44.755], [2.084, 44.761], [2.078, 44.777], [2.092, 44.821], [2.116, 44.812], [2.151, 44.77]]]}}, {"type": "Feature", "properties": {"code": "46226", "apl": 0.0, "pop": 230, "communeName": "Prendeignes", "dept": "46", "category": "severe"}, "geometry": {"type": "Polygon", "coordinates": [[[2.04, 44.717], [2.1, 44.709], [2.105, 44.698], [2.096, 44.667], [2.083, 44.678], [2.047, 44.703], [2.038, 44.713], [2.04, 44.717]]]}}, {"type": "Feature", "properties": {"code": "46299", "apl": 0.0, "pop": 117, "communeName": "Sauliac-sur-Célé", "dept": "46", "category": "severe"}, "geometry": {"type": "Polygon", "coordinates": [[[1.714, 44.549], [1.745, 44.551], [1.746, 44.516], [1.732, 44.502], [1.703, 44.49], [1.689, 44.499], [1.684, 44.507], [1.688, 44.537], [1.714, 44.549]]]}}, {"type": "Feature", "properties": {"code": "47007", "apl": 0.0, "pop": 166, "communeName": "Allons", "dept": "47", "category": "severe"}, "geometry": {"type": "Polygon", "coordinates": [[[-0.141, 44.226], [-0.123, 44.241], [-0.108, 44.231], [-0.067, 44.246], [-0.063, 44.242], [-0.026, 44.206], [-0.039, 44.183], [-0.004, 44.15], [-0.06, 44.151], [-0.129, 44.152], [-0.129, 44.204], [-0.141, 44.226]]]}}, {"type": "Feature", "properties": {"code": "47039", "apl": 0.0, "pop": 39, "communeName": "Boussès", "dept": "47", "category": "severe"}, "geometry": {"type": "Polygon", "coordinates": [[[0.035, 44.131], [-0.004, 44.15], [0.073, 44.17], [0.084, 44.185], [0.114, 44.178], [0.13, 44.193], [0.143, 44.188], [0.124, 44.147], [0.136, 44.124], [0.035, 44.131]]]}}, {"type": "Feature", "properties": {"code": "48008", "apl": 0.0, "pop": 187, "communeName": "Arzenc-de-Randon", "dept": "48", "category": "severe"}, "geometry": {"type": "Polygon", "coordinates": [[[3.665, 44.693], [3.659, 44.682], [3.675, 44.632], [3.663, 44.613], [3.615, 44.611], [3.596, 44.624], [3.571, 44.625], [3.541, 44.654], [3.564, 44.699], [3.595, 44.686], [3.635, 44.681], [3.651, 44.709], [3.665, 44.693]]]}}, {"type": "Feature", "properties": {"code": "48010", "apl": 0.0, "pop": 364, "communeName": "Auroux", "dept": "48", "category": "severe"}, "geometry": {"type": "Polygon", "coordinates": [[[3.681, 44.735], [3.691, 44.773], [3.713, 44.782], [3.756, 44.789], [3.754, 44.762], [3.769, 44.744], [3.723, 44.726], [3.681, 44.735]]]}}, {"type": "Feature", "properties": {"code": "48019", "apl": 0.0, "pop": 200, "communeName": "Barre-des-Cévennes", "dept": "48", "category": "severe"}, "geometry": {"type": "Polygon", "coordinates": [[[3.663, 44.218], [3.626, 44.24], [3.626, 44.247], [3.633, 44.269], [3.689, 44.287], [3.708, 44.277], [3.721, 44.243], [3.718, 44.238], [3.671, 44.232], [3.663, 44.218]]]}}, {"type": "Feature", "properties": {"code": "48020", "apl": 0.0, "pop": 66, "communeName": "Bassurels", "dept": "48", "category": "severe"}, "geometry": {"type": "Polygon", "coordinates": [[[3.569, 44.133], [3.55, 44.164], [3.584, 44.168], [3.587, 44.195], [3.606, 44.21], [3.629, 44.202], [3.65, 44.181], [3.627, 44.154], [3.633, 44.121], [3.603, 44.116], [3.57, 44.122], [3.569, 44.133]]]}}, {"type": "Feature", "properties": {"code": "48021", "apl": 0.0, "pop": 170, "communeName": "La Bastide-Puylaurent", "dept": "48", "category": "severe"}, "geometry": {"type": "Polygon", "coordinates": [[[3.923, 44.572], [3.862, 44.538], [3.853, 44.555], [3.872, 44.572], [3.856, 44.594], [3.881, 44.587], [3.908, 44.608], [3.906, 44.592], [3.923, 44.572]]]}}, {"type": "Feature", "properties": {"code": "48036", "apl": 0.0, "pop": 125, "communeName": "Cassagnas", "dept": "48", "category": "severe"}, "geometry": {"type": "Polygon", "coordinates": [[[3.766, 44.244], [3.721, 44.243], [3.708, 44.277], [3.689, 44.287], [3.711, 44.291], [3.735, 44.316], [3.764, 44.319], [3.755, 44.291], [3.781, 44.264], [3.766, 44.244]]]}}, {"type": "Feature", "properties": {"code": "48043", "apl": 0.0, "pop": 523, "communeName": "Châteauneuf-de-Randon", "dept": "48", "category": "severe"}, "geometry": {"type": "Polygon", "coordinates": [[[3.663, 44.613], [3.675, 44.632], [3.659, 44.682], [3.665, 44.693], [3.7, 44.673], [3.717, 44.658], [3.705, 44.621], [3.675, 44.604], [3.663, 44.613]]]}}, {"type": "Feature", "properties": {"code": "48048", "apl": 0.0, "pop": 63, "communeName": "Cheylard-l'Évêque", "dept": "48", "category": "severe"}, "geometry": {"type": "Polygon", "coordinates": [[[3.805, 44.593], [3.777, 44.606], [3.79, 44.628], [3.783, 44.648], [3.797, 44.67], [3.81, 44.683], [3.826, 44.661], [3.843, 44.599], [3.805, 44.593]]]}}, {"type": "Feature", "properties": {"code": "48065", "apl": 0.0, "pop": 81, "communeName": "Fraissinet-de-Fourques", "dept": "48", "category": "severe"}, "geometry": {"type": "Polygon", "coordinates": [[[3.534, 44.18], [3.499, 44.192], [3.499, 44.216], [3.52, 44.235], [3.575, 44.227], [3.534, 44.18]]]}}, {"type": "Feature", "properties": {"code": "48067", "apl": 0.0, "pop": 100, "communeName": "Gabriac", "dept": "48", "category": "severe"}, "geometry": {"type": "Polygon", "coordinates": [[[3.709, 44.2], [3.719, 44.191], [3.726, 44.164], [3.685, 44.183], [3.709, 44.2]]]}}, {"type": "Feature", "properties": {"code": "48098", "apl": 0.0, "pop": 97, "communeName": "Molezon", "dept": "48", "category": "severe"}, "geometry": {"type": "Polygon", "coordinates": [[[3.718, 44.238], [3.728, 44.223], [3.719, 44.191], [3.709, 44.2], [3.663, 44.218], [3.671, 44.232], [3.718, 44.238]]]}}, {"type": "Feature", "properties": {"code": "48115", "apl": 0.0, "pop": 174, "communeName": "Le Pompidou", "dept": "48", "category": "severe"}, "geometry": {"type": "Polygon", "coordinates": [[[3.685, 44.183], [3.65, 44.181], [3.629, 44.202], [3.626, 44.24], [3.663, 44.218], [3.709, 44.2], [3.685, 44.183]]]}}, {"type": "Feature", "properties": {"code": "48124", "apl": 0.0, "pop": 101, "communeName": "Recoules-de-Fumas", "dept": "48", "category": "severe"}, "geometry": {"type": "Polygon", "coordinates": [[[3.329, 44.614], [3.322, 44.638], [3.342, 44.65], [3.354, 44.632], [3.329, 44.614]]]}}, {"type": "Feature", "properties": {"code": "48130", "apl": 0.0, "pop": 123, "communeName": "Rousses", "dept": "48", "category": "severe"}, "geometry": {"type": "Polygon", "coordinates": [[[3.55, 44.164], [3.534, 44.18], [3.575, 44.227], [3.606, 44.21], [3.587, 44.195], [3.584, 44.168], [3.55, 44.164]]]}}, {"type": "Feature", "properties": {"code": "48136", "apl": 0.0, "pop": 159, "communeName": "Saint-André-de-Lancize", "dept": "48", "category": "severe"}, "geometry": {"type": "Polygon", "coordinates": [[[3.828, 44.269], [3.844, 44.239], [3.803, 44.234], [3.781, 44.264], [3.755, 44.291], [3.764, 44.319], [3.78, 44.317], [3.828, 44.269]]]}}, {"type": "Feature", "properties": {"code": "48152", "apl": 0.0, "pop": 260, "communeName": "Ventalon en Cévennes", "dept": "48", "category": "severe"}, "geometry": {"type": "Polygon", "coordinates": [[[3.888, 44.276], [3.852, 44.28], [3.828, 44.302], [3.865, 44.31], [3.895, 44.314], [3.923, 44.305], [3.925, 44.301], [3.91, 44.279], [3.888, 44.276]]]}}, {"type": "Feature", "properties": {"code": "48170", "apl": 0.0, "pop": 194, "communeName": "Saint-Martin-de-Boubaux", "dept": "48", "category": "severe"}, "geometry": {"type": "Polygon", "coordinates": [[[3.927, 44.161], [3.912, 44.16], [3.878, 44.221], [3.877, 44.225], [3.904, 44.226], [3.947, 44.216], [3.966, 44.172], [3.974, 44.164], [3.932, 44.181], [3.927, 44.161]]]}}, {"type": "Feature", "properties": {"code": "48171", "apl": 0.0, "pop": 193, "communeName": "Saint-Martin-de-Lansuscle", "dept": "48", "category": "severe"}, "geometry": {"type": "Polygon", "coordinates": [[[3.721, 44.243], [3.766, 44.244], [3.773, 44.199], [3.751, 44.192], [3.728, 44.223], [3.718, 44.238], [3.721, 44.243]]]}}, {"type": "Feature", "properties": {"code": "48176", "apl": 0.0, "pop": 93, "communeName": "Saint-Pierre-des-Tripiers", "dept": "48", "category": "severe"}, "geometry": {"type": "Polygon", "coordinates": [[[3.231, 44.23], [3.291, 44.259], [3.329, 44.242], [3.297, 44.224], [3.291, 44.206], [3.239, 44.191], [3.227, 44.191], [3.219, 44.205], [3.231, 44.23]]]}}, {"type": "Feature", "properties": {"code": "51659", "apl": 0.0, "pop": 47, "communeName": "Wargemoulin-Hurlus", "dept": "51", "category": "severe"}, "geometry": {"type": "Polygon", "coordinates": [[[4.627, 49.153], [4.611, 49.158], [4.644, 49.183], [4.668, 49.166], [4.706, 49.162], [4.721, 49.148], [4.627, 49.153]]]}}, {"type": "Feature", "properties": {"code": "52181", "apl": 0.0, "pop": 92, "communeName": "Échenay", "dept": "52", "category": "severe"}, "geometry": {"type": "Polygon", "coordinates": [[[5.299, 48.442], [5.292, 48.447], [5.293, 48.462], [5.308, 48.485], [5.327, 48.477], [5.338, 48.455], [5.326, 48.452], [5.299, 48.442]]]}}, {"type": "Feature", "properties": {"code": "52218", "apl": 0.0, "pop": 49, "communeName": "Germay", "dept": "52", "category": "severe"}, "geometry": {"type": "Polygon", "coordinates": [[[5.41, 48.393], [5.394, 48.392], [5.392, 48.388], [5.355, 48.405], [5.334, 48.397], [5.331, 48.399], [5.34, 48.419], [5.365, 48.427], [5.41, 48.393]]]}}, {"type": "Feature", "properties": {"code": "52319", "apl": 0.0, "pop": 67, "communeName": "Mennouveaux", "dept": "52", "category": "severe"}, "geometry": {"type": "Polygon", "coordinates": [[[5.4, 48.083], [5.394, 48.107], [5.4, 48.114], [5.423, 48.12], [5.436, 48.11], [5.422, 48.086], [5.411, 48.083], [5.4, 48.083]]]}}, {"type": "Feature", "properties": {"code": "52325", "apl": 0.0, "pop": 118, "communeName": "Millières", "dept": "52", "category": "severe"}, "geometry": {"type": "Polygon", "coordinates": [[[5.469, 48.156], [5.447, 48.146], [5.423, 48.12], [5.4, 48.114], [5.4, 48.117], [5.394, 48.15], [5.413, 48.147], [5.444, 48.168], [5.469, 48.156]]]}}, {"type": "Feature", "properties": {"code": "55422", "apl": 0.0, "pop": 50, "communeName": "Regnéville-sur-Meuse", "dept": "55", "category": "severe"}, "geometry": {"type": "Polygon", "coordinates": [[[5.327, 49.25], [5.303, 49.243], [5.3, 49.248], [5.315, 49.266], [5.323, 49.263], [5.327, 49.25]]]}}, {"type": "Feature", "properties": {"code": "56085", "apl": 0.0, "pop": 100, "communeName": "Hœdic", "dept": "56", "category": "severe"}, "geometry": {"type": "Polygon", "coordinates": [[[-2.891, 47.346], [-2.861, 47.341], [-2.88, 47.333], [-2.891, 47.346]]]}}, {"type": "Feature", "properties": {"code": "56087", "apl": 0.0, "pop": 628, "communeName": "Île-aux-Moines", "dept": "56", "category": "severe"}, "geometry": {"type": "Polygon", "coordinates": [[[-2.862, 47.569], [-2.857, 47.59], [-2.842, 47.597], [-2.856, 47.575], [-2.862, 47.569]]]}}, {"type": "Feature", "properties": {"code": "56088", "apl": 0.0, "pop": 287, "communeName": "Île-d'Arz", "dept": "56", "category": "severe"}, "geometry": {"type": "Polygon", "coordinates": [[[-2.817, 47.585], [-2.806, 47.596], [-2.788, 47.6], [-2.809, 47.578], [-2.817, 47.585]]]}}, {"type": "Feature", "properties": {"code": "57590", "apl": 0.0, "pop": 259, "communeName": "Rolbing", "dept": "57", "category": "severe"}, "geometry": {"type": "Polygon", "coordinates": [[[7.457, 49.164], [7.456, 49.163], [7.421, 49.161], [7.382, 49.175], [7.436, 49.18], [7.457, 49.164]]]}}, {"type": "Feature", "properties": {"code": "58034", "apl": 0.0, "pop": 185, "communeName": "Blismes", "dept": "58", "category": "severe"}, "geometry": {"type": "Polygon", "coordinates": [[[3.774, 47.114], [3.773, 47.129], [3.807, 47.14], [3.812, 47.161], [3.86, 47.126], [3.852, 47.098], [3.83, 47.099], [3.79, 47.107], [3.774, 47.114]]]}}, {"type": "Feature", "properties": {"code": "58128", "apl": 0.0, "pop": 88, "communeName": "Glux-en-Glenne", "dept": "58", "category": "severe"}, "geometry": {"type": "Polygon", "coordinates": [[[4.012, 46.922], [4.017, 46.931], [3.985, 46.981], [3.993, 46.989], [3.996, 46.987], [4.041, 46.976], [4.056, 46.957], [4.045, 46.938], [4.037, 46.92], [4.012, 46.922]]]}}, {"type": "Feature", "properties": {"code": "58157", "apl": 0.0, "pop": 277, "communeName": "Marigny-l'Église", "dept": "58", "category": "severe"}, "geometry": {"type": "Polygon", "coordinates": [[[3.961, 47.386], [3.974, 47.331], [3.983, 47.323], [3.953, 47.301], [3.917, 47.302], [3.924, 47.319], [3.941, 47.336], [3.896, 47.35], [3.887, 47.366], [3.909, 47.382], [3.961, 47.386]]]}}, {"type": "Feature", "properties": {"code": "63002", "apl": 0.0, "pop": 97, "communeName": "Aix-la-Fayette", "dept": "63", "category": "severe"}, "geometry": {"type": "Polygon", "coordinates": [[[3.511, 45.486], [3.505, 45.521], [3.545, 45.519], [3.557, 45.497], [3.511, 45.486]]]}}, {"type": "Feature", "properties": {"code": "63006", "apl": 0.0, "pop": 173, "communeName": "Anzat-le-Luguet", "dept": "63", "category": "severe"}, "geometry": {"type": "Polygon", "coordinates": [[[2.925, 45.347], [2.925, 45.35], [2.95, 45.338], [3.012, 45.366], [3.056, 45.357], [3.09, 45.36], [3.096, 45.352], [3.062, 45.328], [3.059, 45.307], [3.037, 45.298], [3.018, 45.287], [2.949, 45.309], [2.925, 45.347]]]}}, {"type": "Feature", "properties": {"code": "63076", "apl": 0.0, "pop": 143, "communeName": "Chambon-sur-Dolore", "dept": "63", "category": "severe"}, "geometry": {"type": "Polygon", "coordinates": [[[3.632, 45.531], [3.642, 45.528], [3.663, 45.497], [3.659, 45.486], [3.645, 45.479], [3.59, 45.481], [3.579, 45.483], [3.613, 45.504], [3.632, 45.531]]]}}, {"type": "Feature", "properties": {"code": "63097", "apl": 0.0, "pop": 80, "communeName": "Chassagne", "dept": "63", "category": "severe"}, "geometry": {"type": "Polygon", "coordinates": [[[3.094, 45.497], [3.093, 45.49], [3.046, 45.473], [3.024, 45.469], [3.024, 45.498], [3.069, 45.503], [3.071, 45.513], [3.074, 45.513], [3.094, 45.497]]]}}, {"type": "Feature", "properties": {"code": "63101", "apl": 0.0, "pop": 67, "communeName": "Château-sur-Cher", "dept": "63", "category": "severe"}, "geometry": {"type": "Polygon", "coordinates": [[[2.566, 46.143], [2.591, 46.127], [2.575, 46.107], [2.552, 46.093], [2.551, 46.1], [2.551, 46.119], [2.559, 46.139], [2.566, 46.143]]]}}, {"type": "Feature", "properties": {"code": "63137", "apl": 0.0, "pop": 173, "communeName": "Doranges", "dept": "63", "category": "severe"}, "geometry": {"type": "Polygon", "coordinates": [[[3.587, 45.374], [3.581, 45.383], [3.569, 45.402], [3.57, 45.412], [3.636, 45.418], [3.647, 45.41], [3.644, 45.401], [3.587, 45.374]]]}}, {"type": "Feature", "properties": {"code": "63162", "apl": 0.0, "pop": 314, "communeName": "Fournols", "dept": "63", "category": "severe"}, "geometry": {"type": "Polygon", "coordinates": [[[3.564, 45.554], [3.605, 45.543], [3.617, 45.549], [3.632, 45.531], [3.613, 45.504], [3.579, 45.483], [3.557, 45.497], [3.545, 45.519], [3.567, 45.526], [3.564, 45.554]]]}}, {"type": "Feature", "properties": {"code": "63174", "apl": 0.0, "pop": 119, "communeName": "Grandval", "dept": "63", "category": "severe"}, "geometry": {"type": "Polygon", "coordinates": [[[3.679, 45.59], [3.675, 45.59], [3.653, 45.578], [3.624, 45.601], [3.661, 45.618], [3.679, 45.59]]]}}, {"type": "Feature", "properties": {"code": "63298", "apl": 0.0, "pop": 129, "communeName": "La Renaudie", "dept": "63", "category": "severe"}, "geometry": {"type": "Polygon", "coordinates": [[[3.746, 45.741], [3.722, 45.718], [3.689, 45.727], [3.684, 45.731], [3.685, 45.767], [3.727, 45.756], [3.746, 45.741]]]}}, {"type": "Feature", "properties": {"code": "63323", "apl": 0.0, "pop": 175, "communeName": "Saint-Bonnet-le-Bourg", "dept": "63", "category": "severe"}, "geometry": {"type": "Polygon", "coordinates": [[[3.591, 45.48], [3.623, 45.43], [3.636, 45.418], [3.57, 45.412], [3.563, 45.427], [3.592, 45.454], [3.591, 45.48]]]}}, {"type": "Feature", "properties": {"code": "64016", "apl": 0.0, "pop": 321, "communeName": "Aldudes", "dept": "64", "category": "severe"}, "geometry": {"type": "Polygon", "coordinates": [[[-1.427, 43.122], [-1.405, 43.113], [-1.393, 43.091], [-1.456, 43.063], [-1.473, 43.087], [-1.427, 43.122]]]}}, {"type": "Feature", "properties": {"code": "64336", "apl": 0.0, "pop": 171, "communeName": "Lescun", "dept": "64", "category": "severe"}, "geometry": {"type": "Polygon", "coordinates": [[[-0.663, 42.871], [-0.699, 42.879], [-0.732, 42.896], [-0.731, 42.939], [-0.687, 42.947], [-0.615, 42.953], [-0.643, 42.889], [-0.663, 42.871]]]}}, {"type": "Feature", "properties": {"code": "64543", "apl": 0.0, "pop": 274, "communeName": "Urepel", "dept": "64", "category": "severe"}, "geometry": {"type": "Polygon", "coordinates": [[[-1.456, 43.063], [-1.393, 43.091], [-1.374, 43.066], [-1.366, 43.031], [-1.441, 43.046], [-1.456, 43.063]]]}}, {"type": "Feature", "properties": {"code": "65018", "apl": 0.0, "pop": 80, "communeName": "Arbéost", "dept": "65", "category": "severe"}, "geometry": {"type": "Polygon", "coordinates": [[[-0.288, 43.006], [-0.265, 43.01], [-0.26, 42.999], [-0.249, 42.971], [-0.279, 42.942], [-0.293, 42.993], [-0.288, 43.006]]]}}, {"type": "Feature", "properties": {"code": "65041", "apl": 0.0, "pop": 120, "communeName": "Asque", "dept": "65", "category": "severe"}, "geometry": {"type": "Polygon", "coordinates": [[[0.273, 43.031], [0.271, 42.996], [0.226, 43.007], [0.24, 43.026], [0.238, 43.053], [0.246, 43.06], [0.271, 43.047], [0.273, 43.032], [0.273, 43.031]]]}}, {"type": "Feature", "properties": {"code": "65176", "apl": 0.0, "pop": 81, "communeName": "Ferrières", "dept": "65", "category": "severe"}, "geometry": {"type": "Polygon", "coordinates": [[[-0.26, 42.999], [-0.265, 43.01], [-0.26, 43.038], [-0.261, 43.039], [-0.224, 43.034], [-0.211, 43.018], [-0.226, 42.984], [-0.26, 42.999]]]}}, {"type": "Feature", "properties": {"code": "66010", "apl": 0.0, "pop": 40, "communeName": "Ayguatébia-Talau", "dept": "66", "category": "severe"}, "geometry": {"type": "Polygon", "coordinates": [[[2.15, 42.53], [2.135, 42.546], [2.165, 42.563], [2.145, 42.576], [2.175, 42.575], [2.189, 42.586], [2.207, 42.562], [2.257, 42.55], [2.172, 42.531], [2.15, 42.53]]]}}, {"type": "Feature", "properties": {"code": "66018", "apl": 0.0, "pop": 65, "communeName": "La Bastide", "dept": "66", "category": "severe"}, "geometry": {"type": "Polygon", "coordinates": [[[2.553, 42.547], [2.559, 42.56], [2.562, 42.565], [2.597, 42.55], [2.596, 42.546], [2.576, 42.509], [2.553, 42.514], [2.553, 42.547]]]}}, {"type": "Feature", "properties": {"code": "66022", "apl": 0.0, "pop": 61, "communeName": "Boule-d'Amont", "dept": "66", "category": "severe"}, "geometry": {"type": "Polygon", "coordinates": [[[2.562, 42.565], [2.578, 42.587], [2.575, 42.618], [2.575, 42.625], [2.594, 42.628], [2.615, 42.604], [2.618, 42.596], [2.597, 42.55], [2.562, 42.565]]]}}, {"type": "Feature", "properties": {"code": "66032", "apl": 0.0, "pop": 60, "communeName": "Calmeilles", "dept": "66", "category": "severe"}, "geometry": {"type": "Polygon", "coordinates": [[[2.647, 42.536], [2.651, 42.561], [2.678, 42.57], [2.7, 42.575], [2.698, 42.558], [2.679, 42.535], [2.65, 42.527], [2.647, 42.536]]]}}, {"type": "Feature", "properties": {"code": "66036", "apl": 0.0, "pop": 33, "communeName": "Canaveilles", "dept": "66", "category": "severe"}, "geometry": {"type": "Polygon", "coordinates": [[[2.257, 42.55], [2.264, 42.549], [2.262, 42.543], [2.246, 42.529], [2.206, 42.52], [2.172, 42.526], [2.172, 42.531], [2.257, 42.55]]]}}, {"type": "Feature", "properties": {"code": "66047", "apl": 0.0, "pop": 18, "communeName": "Caudiès-de-Conflent", "dept": "66", "category": "severe"}, "geometry": {"type": "Polygon", "coordinates": [[[2.138, 42.578], [2.145, 42.576], [2.165, 42.563], [2.135, 42.546], [2.123, 42.556], [2.138, 42.578]]]}}, {"type": "Feature", "properties": {"code": "66080", "apl": 0.0, "pop": 120, "communeName": "Fontpédrouse", "dept": "66", "category": "severe"}, "geometry": {"type": "Polygon", "coordinates": [[[2.239, 42.472], [2.251, 42.448], [2.257, 42.439], [2.206, 42.417], [2.157, 42.423], [2.147, 42.435], [2.162, 42.48], [2.148, 42.503], [2.172, 42.526], [2.206, 42.52], [2.2, 42.5], [2.215, 42.478], [2.239, 42.472]]]}}, {"type": "Feature", "properties": {"code": "66086", "apl": 0.0, "pop": 19, "communeName": "Glorianes", "dept": "66", "category": "severe"}, "geometry": {"type": "Polygon", "coordinates": [[[2.536, 42.602], [2.534, 42.618], [2.552, 42.62], [2.575, 42.618], [2.578, 42.587], [2.562, 42.565], [2.559, 42.56], [2.532, 42.581], [2.536, 42.602]]]}}, {"type": "Feature", "properties": {"code": "66090", "apl": 0.0, "pop": 43, "communeName": "Jujols", "dept": "66", "category": "severe"}, "geometry": {"type": "Polygon", "coordinates": [[[2.258, 42.609], [2.292, 42.596], [2.292, 42.562], [2.258, 42.609]]]}}, {"type": "Feature", "properties": {"code": "66091", "apl": 0.0, "pop": 55, "communeName": "Lamanère", "dept": "66", "category": "severe"}, "geometry": {"type": "Polygon", "coordinates": [[[2.476, 42.348], [2.491, 42.354], [2.512, 42.393], [2.535, 42.369], [2.562, 42.357], [2.542, 42.334], [2.476, 42.348]]]}}, {"type": "Feature", "properties": {"code": "66102", "apl": 0.0, "pop": 33, "communeName": "Mantet", "dept": "66", "category": "severe"}, "geometry": {"type": "Polygon", "coordinates": [[[2.334, 42.428], [2.319, 42.425], [2.291, 42.423], [2.257, 42.439], [2.251, 42.448], [2.273, 42.48], [2.31, 42.488], [2.329, 42.467], [2.334, 42.428]]]}}, {"type": "Feature", "properties": {"code": "66116", "apl": 0.0, "pop": 206, "communeName": "Montferrer", "dept": "66", "category": "severe"}, "geometry": {"type": "Polygon", "coordinates": [[[2.578, 42.423], [2.545, 42.424], [2.518, 42.452], [2.547, 42.46], [2.569, 42.453], [2.617, 42.455], [2.593, 42.429], [2.578, 42.423]]]}}, {"type": "Feature", "properties": {"code": "66122", "apl": 0.0, "pop": 60, "communeName": "Nohèdes", "dept": "66", "category": "severe"}, "geometry": {"type": "Polygon", "coordinates": [[[2.292, 42.596], [2.258, 42.609], [2.247, 42.621], [2.201, 42.64], [2.201, 42.651], [2.262, 42.654], [2.308, 42.625], [2.306, 42.601], [2.292, 42.596]]]}}, {"type": "Feature", "properties": {"code": "66123", "apl": 0.0, "pop": 152, "communeName": "Nyer", "dept": "66", "category": "severe"}, "geometry": {"type": "Polygon", "coordinates": [[[2.251, 42.448], [2.239, 42.472], [2.237, 42.498], [2.266, 42.514], [2.246, 42.529], [2.262, 42.543], [2.296, 42.54], [2.299, 42.517], [2.323, 42.509], [2.31, 42.488], [2.273, 42.48], [2.251, 42.448]]]}}, {"type": "Feature", "properties": {"code": "66128", "apl": 0.0, "pop": 26, "communeName": "Oreilla", "dept": "66", "category": "severe"}, "geometry": {"type": "Polygon", "coordinates": [[[2.257, 42.55], [2.207, 42.562], [2.189, 42.586], [2.188, 42.588], [2.208, 42.61], [2.218, 42.608], [2.257, 42.55]]]}}, {"type": "Feature", "properties": {"code": "66153", "apl": 0.0, "pop": 47, "communeName": "Prunet-et-Belpuig", "dept": "66", "category": "severe"}, "geometry": {"type": "Polygon", "coordinates": [[[2.678, 42.57], [2.651, 42.561], [2.647, 42.536], [2.641, 42.545], [2.596, 42.546], [2.597, 42.55], [2.618, 42.596], [2.656, 42.592], [2.678, 42.57]]]}}, {"type": "Feature", "properties": {"code": "66157", "apl": 0.0, "pop": 23, "communeName": "Railleu", "dept": "66", "category": "severe"}, "geometry": {"type": "Polygon", "coordinates": [[[2.145, 42.576], [2.138, 42.578], [2.147, 42.61], [2.188, 42.588], [2.189, 42.586], [2.175, 42.575], [2.145, 42.576]]]}}, {"type": "Feature", "properties": {"code": "66183", "apl": 0.0, "pop": 70, "communeName": "Saint-Marsal", "dept": "66", "category": "severe"}, "geometry": {"type": "Polygon", "coordinates": [[[2.65, 42.527], [2.663, 42.512], [2.641, 42.517], [2.618, 42.52], [2.587, 42.503], [2.576, 42.509], [2.596, 42.546], [2.641, 42.545], [2.647, 42.536], [2.65, 42.527]]]}}, {"type": "Feature", "properties": {"code": "66191", "apl": 0.0, "pop": 27, "communeName": "Sansa", "dept": "66", "category": "severe"}, "geometry": {"type": "Polygon", "coordinates": [[[2.192, 42.652], [2.201, 42.651], [2.201, 42.64], [2.208, 42.61], [2.188, 42.588], [2.147, 42.61], [2.15, 42.622], [2.176, 42.649], [2.192, 42.652]]]}}, {"type": "Feature", "properties": {"code": "66197", "apl": 0.0, "pop": 34, "communeName": "Souanyas", "dept": "66", "category": "severe"}, "geometry": {"type": "Polygon", "coordinates": [[[2.264, 42.549], [2.295, 42.558], [2.296, 42.54], [2.262, 42.543], [2.264, 42.549]]]}}, {"type": "Feature", "properties": {"code": "66199", "apl": 0.0, "pop": 105, "communeName": "Taillet", "dept": "66", "category": "severe"}, "geometry": {"type": "Polygon", "coordinates": [[[2.663, 42.512], [2.65, 42.527], [2.679, 42.535], [2.713, 42.507], [2.665, 42.509], [2.663, 42.512]]]}}, {"type": "Feature", "properties": {"code": "66203", "apl": 0.0, "pop": 59, "communeName": "Taulis", "dept": "66", "category": "severe"}, "geometry": {"type": "Polygon", "coordinates": [[[2.641, 42.517], [2.613, 42.5], [2.59, 42.501], [2.587, 42.503], [2.618, 42.52], [2.641, 42.517]]]}}, {"type": "Feature", "properties": {"code": "66209", "apl": 0.0, "pop": 31, "communeName": "Thuès-Entre-Valls", "dept": "66", "category": "severe"}, "geometry": {"type": "Polygon", "coordinates": [[[2.246, 42.529], [2.266, 42.514], [2.237, 42.498], [2.239, 42.472], [2.215, 42.478], [2.2, 42.5], [2.206, 42.52], [2.246, 42.529]]]}}, {"type": "Feature", "properties": {"code": "66219", "apl": 0.0, "pop": 47, "communeName": "Urbanya", "dept": "66", "category": "severe"}, "geometry": {"type": "Polygon", "coordinates": [[[2.329, 42.644], [2.308, 42.625], [2.262, 42.654], [2.292, 42.662], [2.329, 42.644]]]}}, {"type": "Feature", "properties": {"code": "66221", "apl": 0.0, "pop": 34, "communeName": "Valmanya", "dept": "66", "category": "severe"}, "geometry": {"type": "Polygon", "coordinates": [[[2.46, 42.517], [2.472, 42.525], [2.506, 42.54], [2.553, 42.547], [2.553, 42.514], [2.517, 42.498], [2.468, 42.5], [2.46, 42.517]]]}}, {"type": "Feature", "properties": {"code": "70061", "apl": 0.0, "pop": 86, "communeName": "Belfahy", "dept": "70", "category": "severe"}, "geometry": {"type": "Polygon", "coordinates": [[[6.75, 47.788], [6.733, 47.778], [6.716, 47.788], [6.728, 47.796], [6.75, 47.788]]]}}, {"type": "Feature", "properties": {"code": "71376", "apl": 0.0, "pop": 276, "communeName": "Roussillon-en-Morvan", "dept": "71", "category": "severe"}, "geometry": {"type": "Polygon", "coordinates": [[[4.037, 47.002], [4.059, 47.032], [4.151, 47.046], [4.163, 47.025], [4.132, 47.005], [4.089, 46.998], [4.037, 47.002]]]}}, {"type": "Feature", "properties": {"code": "71472", "apl": 0.0, "pop": 203, "communeName": "Saint-Prix", "dept": "71", "category": "severe"}, "geometry": {"type": "Polygon", "coordinates": [[[3.996, 46.987], [4.037, 47.002], [4.089, 46.998], [4.103, 46.946], [4.087, 46.935], [4.045, 46.938], [4.056, 46.957], [4.041, 46.976], [3.996, 46.987]]]}}, {"type": "Feature", "properties": {"code": "73012", "apl": 0.0, "pop": 144, "communeName": "Albiez-le-Jeune", "dept": "73", "category": "severe"}, "geometry": {"type": "Polygon", "coordinates": [[[6.39, 45.234], [6.38, 45.22], [6.366, 45.219], [6.33, 45.247], [6.355, 45.259], [6.39, 45.234]]]}}, {"type": "Feature", "properties": {"code": "73040", "apl": 0.0, "pop": 361, "communeName": "Bessans", "dept": "73", "category": "severe"}, "geometry": {"type": "Polygon", "coordinates": [[[6.988, 45.367], [6.998, 45.367], [7.045, 45.357], [7.11, 45.327], [7.136, 45.281], [7.138, 45.257], [7.11, 45.247], [7.077, 45.211], [7.051, 45.226], [7.019, 45.238], [6.975, 45.266], [6.957, 45.301], [6.973, 45.329], [6.96, 45.337], [6.988, 45.367]]]}}, {"type": "Feature", "properties": {"code": "73047", "apl": 0.0, "pop": 266, "communeName": "Bonneval-sur-Arc", "dept": "73", "category": "severe"}, "geometry": {"type": "Polygon", "coordinates": [[[7.11, 45.327], [7.045, 45.357], [6.998, 45.367], [7.017, 45.411], [7.042, 45.433], [7.071, 45.426], [7.113, 45.434], [7.185, 45.407], [7.175, 45.386], [7.139, 45.351], [7.135, 45.331], [7.11, 45.327]]]}}, {"type": "Feature", "properties": {"code": "73072", "apl": 0.0, "pop": 31, "communeName": "Champ-Laurent", "dept": "73", "category": "severe"}, "geometry": {"type": "Polygon", "coordinates": [[[6.194, 45.497], [6.188, 45.499], [6.197, 45.514], [6.216, 45.52], [6.242, 45.51], [6.207, 45.5], [6.194, 45.497]]]}}, {"type": "Feature", "properties": {"code": "73166", "apl": 0.0, "pop": 51, "communeName": "Montendry", "dept": "73", "category": "severe"}, "geometry": {"type": "Polygon", "coordinates": [[[6.266, 45.514], [6.264, 45.511], [6.242, 45.51], [6.216, 45.52], [6.254, 45.535], [6.266, 45.514]]]}}, {"type": "Feature", "properties": {"code": "73175", "apl": 0.0, "pop": 81, "communeName": "Montsapey", "dept": "73", "category": "severe"}, "geometry": {"type": "Polygon", "coordinates": [[[6.315, 45.523], [6.338, 45.528], [6.353, 45.561], [6.355, 45.565], [6.365, 45.566], [6.378, 45.561], [6.392, 45.549], [6.404, 45.536], [6.377, 45.497], [6.315, 45.523]]]}}, {"type": "Feature", "properties": {"code": "73277", "apl": 0.0, "pop": 172, "communeName": "Sainte-Reine", "dept": "73", "category": "severe"}, "geometry": {"type": "Polygon", "coordinates": [[[6.111, 45.59], [6.14, 45.631], [6.176, 45.613], [6.173, 45.6], [6.122, 45.584], [6.111, 45.59]]]}}, {"type": "Feature", "properties": {"code": "74129", "apl": 0.0, "pop": 226, "communeName": "La Forclaz", "dept": "74", "category": "severe"}, "geometry": {"type": "Polygon", "coordinates": [[[6.597, 46.325], [6.603, 46.331], [6.635, 46.316], [6.617, 46.301], [6.597, 46.325]]]}}, {"type": "Feature", "properties": {"code": "74203", "apl": 0.0, "pop": 51, "communeName": "Novel", "dept": "74", "category": "severe"}, "geometry": {"type": "Polygon", "coordinates": [[[6.754, 46.344], [6.75, 46.348], [6.742, 46.37], [6.787, 46.379], [6.801, 46.375], [6.771, 46.361], [6.775, 46.347], [6.754, 46.344]]]}}, {"type": "Feature", "properties": {"code": "74290", "apl": 0.0, "pop": 409, "communeName": "Vallorcine", "dept": "74", "category": "severe"}, "geometry": {"type": "Polygon", "coordinates": [[[6.855, 46.007], [6.845, 46.018], [6.872, 46.051], [6.891, 46.043], [6.925, 46.065], [6.95, 46.052], [6.963, 46.03], [6.93, 46.005], [6.874, 45.988], [6.855, 46.007]]]}}, {"type": "Feature", "properties": {"code": "81023", "apl": 0.0, "pop": 209, "communeName": "Barre", "dept": "81", "category": "severe"}, "geometry": {"type": "Polygon", "coordinates": [[[2.858, 43.749], [2.814, 43.723], [2.781, 43.737], [2.788, 43.753], [2.816, 43.762], [2.858, 43.749]]]}}, {"type": "Feature", "properties": {"code": "81158", "apl": 0.0, "pop": 256, "communeName": "Le Masnau-Massuguiès", "dept": "81", "category": "severe"}, "geometry": {"type": "Polygon", "coordinates": [[[2.562, 43.846], [2.59, 43.818], [2.596, 43.819], [2.556, 43.802], [2.595, 43.784], [2.552, 43.771], [2.506, 43.792], [2.484, 43.787], [2.482, 43.787], [2.484, 43.807], [2.51, 43.834], [2.535, 43.846], [2.562, 43.846]]]}}, {"type": "Feature", "properties": {"code": "83002", "apl": 0.0, "pop": 270, "communeName": "Aiguines", "dept": "83", "category": "severe"}, "geometry": {"type": "Polygon", "coordinates": [[[6.383, 43.734], [6.425, 43.686], [6.418, 43.684], [6.353, 43.682], [6.313, 43.671], [6.287, 43.693], [6.27, 43.691], [6.221, 43.734], [6.215, 43.778], [6.224, 43.8], [6.249, 43.802], [6.263, 43.782], [6.326, 43.747], [6.359, 43.736], [6.379, 43.74], [6.383, 43.734]]]}}, {"type": "Feature", "properties": {"code": "83015", "apl": 0.0, "pop": 319, "communeName": "Bauduen", "dept": "83", "category": "severe"}, "geometry": {"type": "Polygon", "coordinates": [[[6.193, 43.684], [6.175, 43.698], [6.152, 43.713], [6.141, 43.738], [6.184, 43.766], [6.221, 43.734], [6.27, 43.691], [6.203, 43.675], [6.193, 43.684]]]}}, {"type": "Feature", "properties": {"code": "83080", "apl": 0.0, "pop": 837, "communeName": "Mons", "dept": "83", "category": "severe"}, "geometry": {"type": "Polygon", "coordinates": [[[6.712, 43.74], [6.746, 43.737], [6.767, 43.722], [6.775, 43.694], [6.762, 43.666], [6.753, 43.663], [6.701, 43.652], [6.678, 43.656], [6.643, 43.676], [6.638, 43.694], [6.693, 43.743], [6.654, 43.748], [6.657, 43.749], [6.683, 43.758], [6.712, 43.74]]]}}, {"type": "Feature", "properties": {"code": "83122", "apl": 0.0, "pop": 232, "communeName": "Les Salles-sur-Verdon", "dept": "83", "category": "severe"}, "geometry": {"type": "Polygon", "coordinates": [[[6.184, 43.766], [6.188, 43.776], [6.224, 43.8], [6.215, 43.778], [6.221, 43.734], [6.184, 43.766]]]}}, {"type": "Feature", "properties": {"code": "97110", "apl": 0.0, "pop": 1391, "communeName": "La Désirade", "dept": "97", "category": "severe"}, "geometry": {"type": "Polygon", "coordinates": [[[-61.053, 16.306], [-61.086, 16.296], [-61.089, 16.312], [-61.06, 16.322], [-61.017, 16.349], [-61.002, 16.334], [-61.053, 16.306]]]}}, {"type": "Feature", "properties": {"code": "97301", "apl": 0.0, "pop": 1655, "communeName": "Régina", "dept": "97", "category": "severe"}, "geometry": {"type": "Polygon", "coordinates": [[[-51.751, 4.447], [-51.843, 4.433], [-51.863, 4.422], [-51.858, 4.331], [-51.865, 4.31], [-51.851, 4.238], [-51.851, 4.21], [-51.823, 4.205], [-51.807, 4.181], [-51.837, 4.16], [-51.86, 4.164], [-51.895, 4.157], [-51.896, 4.143], [-51.927, 4.129], [-51.95, 4.157], [-51.967, 4.143], [-51.997, 4.133], [-52.01, 4.106], [-51.992, 4.088], [-51.963, 4.004], [-51.994, 3.996], [-52.021, 3.969], [-52.03, 3.98], [-52.055, 3.973], [-52.085, 3.954], [-52.09, 3.968], [-52.125, 3.977], [-52.131, 3.945], [-52.151, 3.935], [-52.164, 3.9], [-52.184, 3.893], [-52.213, 3.903], [-52.216, 3.882], [-52.238, 3.852], [-52.254, 3.854], [-52.27, 3.821], [-52.332, 3.803], [-52.375, 3.808], [-52.387, 3.767], [-52.38, 3.76], [-52.388, 3.707], [-52.386, 3.69], [-52.41, 3.655], [-52.447, 3.652], [-52.462, 3.64], [-52.479, 3.666], [-52.493, 3.618], [-52.491, 3.578], [-52.504, 3.542], [-52.531, 3.51], [-52.501, 3.495], [-52.551, 3.478], [-52.543, 3.448], [-52.553, 3.415], [-52.552, 3.364], [-52.558, 3.354], [-52.611, 3.339], [-52.632, 3.341], [-52.641, 3.323], [-52.634, 3.3], [-52.612, 3.262], [-52.672, 3.211], [-52.681, 3.19], [-52.7, 3.198], [-52.723, 3.193], [-52.764, 3.21], [-52.774, 3.227], [-52.758, 3.256], [-52.788, 3.286], [-52.82, 3.299], [-52.848, 3.273], [-52.902, 3.273], [-52.933, 3.294], [-52.978, 3.304], [-53.018, 3.299], [-53.03, 3.305], [-53.065, 3.298], [-53.073, 3.278], [-53.066, 3.26], [-53.08, 3.214], [-53.101, 3.23], [-53.118, 3.263], [-53.146, 3.276], [-53.171, 3.317], [-53.153, 3.35], [-53.162, 3.382], [-53.157, 3.407], [-53.121, 3.434], [-53.126, 3.461], [-53.143, 3.478], [-53.129, 3.514], [-53.098, 3.547], [-53.102, 3.587], [-53.086, 3.601], [-53.1, 3.616], [-53.122, 3.601], [-53.137, 3.613], [-53.127, 3.635], [-53.134, 3.689], [-53.163, 3.726], [-53.184, 3.762], [-53.205, 3.769], [-53.228, 3.802], [-53.205, 3.811], [-53.161, 3.858], [-53.14, 3.862], [-53.132, 3.888], [-53.155, 3.905], [-53.152, 3.914], [-53.113, 3.934], [-53.101, 3.95], [-53.079, 3.954], [-53.062, 3.973], [-53.041, 3.967], [-53.034, 3.985], [-52.99, 4.001], [-52.971, 4.037], [-52.949, 4.039], [-52.937, 4.071], [-52.919, 4.093], [-52.914, 4.127], [-52.889, 4.135], [-52.844, 4.18], [-52.819, 4.157], [-52.776, 4.141], [-52.738, 4.146], [-52.679, 4.103], [-52.655, 4.099], [-52.596, 4.123], [-52.593, 4.142], [-52.547, 4.194], [-52.537, 4.219], [-52.52, 4.216], [-52.504, 4.238], [-52.437, 4.236], [-52.409, 4.253], [-52.382, 4.284], [-52.365, 4.278], [-52.338, 4.299], [-52.335, 4.329], [-52.291, 4.376], [-52.281, 4.355], [-52.264, 4.37], [-52.238, 4.408], [-52.214, 4.395], [-52.209, 4.415], [-52.186, 4.441], [-52.193, 4.483], [-52.207, 4.516], [-52.179, 4.533], [-52.172, 4.549], [-52.216, 4.571], [-52.235, 4.612], [-52.227, 4.656], [-52.217, 4.672], [-52.178, 4.701], [-52.186, 4.721], [-52.178, 4.76], [-52.168, 4.777], [-52.158, 4.781], [-52.118, 4.751], [-52.095, 4.704], [-52.063, 4.678], [-52.05, 4.686], [-52.017, 4.668], [-51.99, 4.596], [-51.956, 4.534], [-51.956, 4.489], [-51.948, 4.452], [-51.949, 4.411], [-51.933, 4.407], [-51.924, 4.435], [-51.929, 4.536], [-51.927, 4.584], [-51.932, 4.649], [-51.922, 4.681], [-51.883, 4.679], [-51.84, 4.656], [-51.798, 4.612], [-51.787, 4.576], [-51.778, 4.49], [-51.751, 4.447]]]}}, {"type": "Feature", "properties": {"code": "97303", "apl": 0.0, "pop": 1707, "communeName": "Iracoubo", "dept": "97", "category": "severe"}, "geometry": {"type": "Polygon", "coordinates": [[[-53.069, 5.431], [-53.058, 5.416], [-53.06, 5.382], [-53.073, 5.368], [-53.075, 5.342], [-53.096, 5.283], [-53.079, 5.211], [-53.1, 5.206], [-53.12, 5.253], [-53.144, 5.258], [-53.144, 5.196], [-53.131, 5.165], [-53.138, 5.145], [-53.187, 5.093], [-53.181, 5.064], [-53.205, 5.048], [-53.212, 5.013], [-53.227, 5.029], [-53.257, 5.048], [-53.261, 5.007], [-53.295, 4.976], [-53.328, 4.983], [-53.336, 4.962], [-53.366, 4.917], [-53.414, 4.938], [-53.438, 4.928], [-53.437, 4.962], [-53.429, 4.979], [-53.445, 5.008], [-53.469, 5.009], [-53.496, 5.062], [-53.516, 5.048], [-53.525, 5.072], [-53.508, 5.092], [-53.504, 5.124], [-53.53, 5.142], [-53.526, 5.175], [-53.538, 5.191], [-53.521, 5.212], [-53.509, 5.248], [-53.535, 5.281], [-53.524, 5.32], [-53.533, 5.37], [-53.524, 5.417], [-53.506, 5.435], [-53.511, 5.449], [-53.495, 5.465], [-53.433, 5.458], [-53.431, 5.502], [-53.443, 5.528], [-53.469, 5.55], [-53.468, 5.562], [-53.434, 5.556], [-53.352, 5.527], [-53.318, 5.523], [-53.224, 5.492], [-53.13, 5.448], [-53.08, 5.428], [-53.069, 5.431]]]}}, {"type": "Feature", "properties": {"code": "97314", "apl": 0.0, "pop": 251, "communeName": "Ouanary", "dept": "97", "category": "severe"}, "geometry": {"type": "Polygon", "coordinates": [[[-51.963, 4.004], [-51.992, 4.088], [-52.01, 4.106], [-51.997, 4.133], [-51.967, 4.143], [-51.95, 4.157], [-51.927, 4.129], [-51.896, 4.143], [-51.895, 4.157], [-51.86, 4.164], [-51.837, 4.16], [-51.807, 4.181], [-51.823, 4.205], [-51.851, 4.21], [-51.851, 4.238], [-51.865, 4.31], [-51.858, 4.331], [-51.863, 4.422], [-51.843, 4.433], [-51.751, 4.447], [-51.756, 4.425], [-51.729, 4.397], [-51.703, 4.39], [-51.719, 4.354], [-51.703, 4.297], [-51.68, 4.262], [-51.641, 4.213], [-51.695, 4.139], [-51.713, 4.105], [-51.695, 4.101], [-51.7, 4.078], [-51.722, 4.07], [-51.762, 4.04], [-51.788, 4.041], [-51.794, 4.015], [-51.812, 3.987], [-51.853, 3.99], [-51.868, 3.978], [-51.91, 3.992], [-51.923, 4.002], [-51.963, 4.004]]]}}, {"type": "Feature", "properties": {"code": "97352", "apl": 0.0, "pop": 317, "communeName": "Saül", "dept": "97", "category": "severe"}, "geometry": {"type": "Polygon", "coordinates": [[[-53.351, 4.361], [-53.344, 4.332], [-53.32, 4.328], [-53.303, 4.304], [-53.318, 4.286], [-53.302, 4.25], [-53.254, 4.231], [-53.249, 4.195], [-53.227, 4.184], [-53.221, 4.158], [-53.208, 4.144], [-53.213, 4.12], [-53.241, 4.095], [-53.24, 4.067], [-53.228, 4.044], [-53.209, 4.035], [-53.172, 3.93], [-53.155, 3.905], [-53.132, 3.888], [-53.14, 3.862], [-53.161, 3.858], [-53.205, 3.811], [-53.228, 3.802], [-53.205, 3.769], [-53.184, 3.762], [-53.163, 3.726], [-53.134, 3.689], [-53.127, 3.635], [-53.137, 3.613], [-53.122, 3.601], [-53.1, 3.616], [-53.086, 3.601], [-53.102, 3.587], [-53.098, 3.547], [-53.129, 3.514], [-53.143, 3.478], [-53.126, 3.461], [-53.121, 3.434], [-53.157, 3.407], [-53.162, 3.382], [-53.153, 3.35], [-53.171, 3.317], [-53.146, 3.276], [-53.118, 3.263], [-53.101, 3.23], [-53.127, 3.233], [-53.175, 3.273], [-53.178, 3.289], [-53.236, 3.309], [-53.245, 3.334], [-53.236, 3.397], [-53.263, 3.409], [-53.305, 3.403], [-53.344, 3.423], [-53.415, 3.43], [-53.42, 3.446], [-53.413, 3.482], [-53.4, 3.495], [-53.39, 3.553], [-53.395, 3.579], [-53.386, 3.602], [-53.4, 3.639], [-53.416, 3.644], [-53.42, 3.69], [-53.409, 3.709], [-53.442, 3.761], [-53.473, 3.773], [-53.511, 3.811], [-53.527, 3.845], [-53.53, 3.876], [-53.566, 3.901], [-53.551, 3.93], [-53.58, 3.944], [-53.612, 3.933], [-53.618, 3.957], [-53.636, 3.95], [-53.658, 3.965], [-53.672, 3.961], [-53.689, 3.979], [-53.739, 3.977], [-53.751, 3.982], [-53.751, 4.039], [-53.758, 4.052], [-53.735, 4.069], [-53.73, 4.084], [-53.762, 4.108], [-53.75, 4.169], [-53.762, 4.178], [-53.758, 4.211], [-53.78, 4.259], [-53.756, 4.284], [-53.719, 4.311], [-53.696, 4.311], [-53.636, 4.333], [-53.604, 4.375], [-53.567, 4.403], [-53.55, 4.378], [-53.565, 4.369], [-53.565, 4.319], [-53.526, 4.294], [-53.502, 4.306], [-53.476, 4.298], [-53.449, 4.307], [-53.432, 4.299], [-53.393, 4.307], [-53.351, 4.361]]]}}, {"type": "Feature", "properties": {"code": "97353", "apl": 0.0, "pop": 9177, "communeName": "Maripasoula", "dept": "97", "category": "severe"}, "geometry": {"type": "Polygon", "coordinates": [[[-54.099, 3.745], [-54.07, 3.77], [-54.038, 3.777], [-54.026, 3.771], [-54.009, 3.809], [-53.982, 3.817], [-53.927, 3.842], [-53.908, 3.839], [-53.876, 3.899], [-53.846, 3.917], [-53.822, 3.919], [-53.791, 3.94], [-53.767, 3.974], [-53.739, 3.977], [-53.689, 3.979], [-53.672, 3.961], [-53.658, 3.965], [-53.636, 3.95], [-53.618, 3.957], [-53.612, 3.933], [-53.58, 3.944], [-53.551, 3.93], [-53.566, 3.901], [-53.53, 3.876], [-53.527, 3.845], [-53.511, 3.811], [-53.473, 3.773], [-53.442, 3.761], [-53.409, 3.709], [-53.42, 3.69], [-53.416, 3.644], [-53.4, 3.639], [-53.386, 3.602], [-53.395, 3.579], [-53.39, 3.553], [-53.4, 3.495], [-53.413, 3.482], [-53.42, 3.446], [-53.415, 3.43], [-53.344, 3.423], [-53.305, 3.403], [-53.263, 3.409], [-53.236, 3.397], [-53.245, 3.334], [-53.236, 3.309], [-53.178, 3.289], [-53.175, 3.273], [-53.127, 3.233], [-53.101, 3.23], [-53.08, 3.214], [-53.058, 3.195], [-53.056, 3.149], [-53.086, 3.099], [-53.091, 3.013], [-53.116, 3.003], [-53.126, 2.979], [-53.175, 2.955], [-53.184, 2.92], [-53.202, 2.904], [-53.222, 2.873], [-53.215, 2.83], [-53.241, 2.815], [-53.287, 2.757], [-53.276, 2.728], [-53.306, 2.724], [-53.303, 2.679], [-53.313, 2.652], [-53.303, 2.63], [-53.34, 2.613], [-53.328, 2.591], [-53.308, 2.584], [-53.311, 2.549], [-53.333, 2.529], [-53.32, 2.517], [-53.319, 2.493], [-53.29, 2.481], [-53.271, 2.453], [-53.243, 2.447], [-53.265, 2.402], [-53.29, 2.383], [-53.291, 2.359], [-53.317, 2.34], [-53.341, 2.352], [-53.356, 2.348], [-53.372, 2.313], [-53.4, 2.305], [-53.412, 2.287], [-53.431, 2.289], [-53.454, 2.258], [-53.484, 2.262], [-53.547, 2.253], [-53.56, 2.265], [-53.6, 2.279], [-53.657, 2.279], [-53.654, 2.298], [-53.692, 2.308], [-53.729, 2.311], [-53.748, 2.32], [-53.726, 2.339], [-53.743, 2.369], [-53.766, 2.376], [-53.797, 2.361], [-53.81, 2.341], [-53.835, 2.332], [-53.813, 2.312], [-53.838, 2.302], [-53.883, 2.309], [-53.885, 2.275], [-53.915, 2.262], [-53.941, 2.259], [-53.933, 2.237], [-53.94, 2.221], [-53.99, 2.209], [-54.016, 2.183], [-54.046, 2.187], [-54.065, 2.197], [-54.093, 2.14], [-54.112, 2.118], [-54.142, 2.113], [-54.168, 2.129], [-54.19, 2.171], [-54.224, 2.15], [-54.258, 2.154], [-54.267, 2.144], [-54.311, 2.157], [-54.342, 2.152], [-54.363, 2.18], [-54.363, 2.212], [-54.397, 2.197], [-54.449, 2.204], [-54.478, 2.216], [-54.496, 2.233], [-54.505, 2.255], [-54.536, 2.261], [-54.527, 2.279], [-54.543, 2.327], [-54.587, 2.322], [-54.602, 2.337], [-54.59, 2.352], [-54.57, 2.354], [-54.51, 2.337], [-54.505, 2.391], [-54.486, 2.412], [-54.475, 2.436], [-54.437, 2.43], [-54.42, 2.436], [-54.37, 2.509], [-54.353, 2.519], [-54.343, 2.563], [-54.328, 2.587], [-54.308, 2.642], [-54.275, 2.675], [-54.264, 2.724], [-54.223, 2.754], [-54.198, 2.804], [-54.208, 2.831], [-54.186, 2.837], [-54.181, 2.865], [-54.195, 2.885], [-54.173, 2.938], [-54.176, 2.975], [-54.185, 2.998], [-54.17, 3.016], [-54.195, 3.065], [-54.173, 3.078], [-54.179, 3.123], [-54.211, 3.128], [-54.214, 3.151], [-54.189, 3.206], [-54.175, 3.206], [-54.136, 3.266], [-54.122, 3.272], [-54.1, 3.3], [-54.081, 3.292], [-54.067, 3.324], [-54.05, 3.386], [-54.022, 3.411], [-54.017, 3.458], [-54.008, 3.466], [-54.006, 3.57], [-53.986, 3.582], [-53.98, 3.607], [-54.005, 3.647], [-54.027, 3.634], [-54.05, 3.634], [-54.05, 3.651], [-54.078, 3.67], [-54.087, 3.691], [-54.079, 3.708], [-54.099, 3.745]]]}}, {"type": "Feature", "properties": {"code": "97356", "apl": 0.0, "pop": 2146, "communeName": "Camopi", "dept": "97", "category": "severe"}, "geometry": {"type": "Polygon", "coordinates": [[[-53.08, 3.214], [-53.066, 3.26], [-53.073, 3.278], [-53.065, 3.298], [-53.03, 3.305], [-53.018, 3.299], [-52.978, 3.304], [-52.933, 3.294], [-52.902, 3.273], [-52.848, 3.273], [-52.82, 3.299], [-52.788, 3.286], [-52.758, 3.256], [-52.774, 3.227], [-52.764, 3.21], [-52.723, 3.193], [-52.7, 3.198], [-52.681, 3.19], [-52.672, 3.211], [-52.612, 3.262], [-52.634, 3.3], [-52.641, 3.323], [-52.632, 3.341], [-52.611, 3.339], [-52.558, 3.354], [-52.552, 3.364], [-52.553, 3.415], [-52.543, 3.448], [-52.551, 3.478], [-52.501, 3.495], [-52.467, 3.485], [-52.458, 3.471], [-52.415, 3.471], [-52.414, 3.436], [-52.398, 3.412], [-52.368, 3.421], [-52.353, 3.403], [-52.307, 3.43], [-52.29, 3.431], [-52.262, 3.461], [-52.246, 3.494], [-52.212, 3.509], [-52.158, 3.518], [-52.155, 3.546], [-52.13, 3.559], [-52.085, 3.569], [-52.044, 3.551], [-52.061, 3.519], [-52.087, 3.49], [-52.095, 3.462], [-52.122, 3.424], [-52.177, 3.327], [-52.189, 3.302], [-52.234, 3.241], [-52.25, 3.251], [-52.292, 3.226], [-52.303, 3.2], [-52.299, 3.178], [-52.329, 3.167], [-52.351, 3.123], [-52.345, 3.098], [-52.328, 3.071], [-52.362, 3.017], [-52.371, 2.976], [-52.395, 2.931], [-52.39, 2.898], [-52.42, 2.893], [-52.445, 2.85], [-52.478, 2.782], [-52.475, 2.763], [-52.507, 2.699], [-52.52, 2.682], [-52.529, 2.652], [-52.556, 2.64], [-52.542, 2.622], [-52.527, 2.582], [-52.561, 2.547], [-52.552, 2.521], [-52.565, 2.516], [-52.598, 2.475], [-52.617, 2.476], [-52.616, 2.446], [-52.637, 2.445], [-52.657, 2.404], [-52.661, 2.374], [-52.71, 2.359], [-52.717, 2.344], [-52.778, 2.318], [-52.804, 2.3], [-52.842, 2.291], [-52.854, 2.264], [-52.873, 2.247], [-52.904, 2.191], [-52.988, 2.168], [-52.997, 2.177], [-53.053, 2.19], [-53.074, 2.219], [-53.102, 2.226], [-53.21, 2.211], [-53.224, 2.201], [-53.245, 2.211], [-53.263, 2.189], [-53.277, 2.195], [-53.252, 2.241], [-53.227, 2.264], [-53.256, 2.27], [-53.26, 2.286], [-53.297, 2.305], [-53.317, 2.34], [-53.291, 2.359], [-53.29, 2.383], [-53.265, 2.402], [-53.243, 2.447], [-53.271, 2.453], [-53.29, 2.481], [-53.319, 2.493], [-53.32, 2.517], [-53.333, 2.529], [-53.311, 2.549], [-53.308, 2.584], [-53.328, 2.591], [-53.34, 2.613], [-53.303, 2.63], [-53.313, 2.652], [-53.303, 2.679], [-53.306, 2.724], [-53.276, 2.728], [-53.287, 2.757], [-53.241, 2.815], [-53.215, 2.83], [-53.222, 2.873], [-53.202, 2.904], [-53.184, 2.92], [-53.175, 2.955], [-53.126, 2.979], [-53.116, 3.003], [-53.091, 3.013], [-53.086, 3.099], [-53.056, 3.149], [-53.058, 3.195], [-53.08, 3.214]]]}}, {"type": "Feature", "properties": {"code": "97357", "apl": 0.0, "pop": 9120, "communeName": "Grand-Santi", "dept": "97", "category": "severe"}, "geometry": {"type": "Polygon", "coordinates": [[[-53.794, 4.273], [-53.78, 4.259], [-53.811, 4.24], [-53.842, 4.25], [-53.899, 4.239], [-53.929, 4.269], [-53.984, 4.287], [-54.028, 4.285], [-54.044, 4.275], [-54.054, 4.25], [-54.088, 4.227], [-54.098, 4.238], [-54.124, 4.22], [-54.157, 4.234], [-54.186, 4.261], [-54.214, 4.268], [-54.236, 4.243], [-54.225, 4.228], [-54.246, 4.171], [-54.272, 4.143], [-54.292, 4.135], [-54.323, 4.135], [-54.323, 4.146], [-54.349, 4.169], [-54.388, 4.181], [-54.397, 4.206], [-54.382, 4.262], [-54.394, 4.305], [-54.386, 4.35], [-54.395, 4.365], [-54.427, 4.373], [-54.427, 4.414], [-54.441, 4.435], [-54.432, 4.464], [-54.449, 4.526], [-54.439, 4.543], [-54.42, 4.547], [-54.411, 4.578], [-54.417, 4.613], [-54.391, 4.622], [-54.341, 4.624], [-54.324, 4.615], [-54.312, 4.589], [-54.279, 4.574], [-54.256, 4.582], [-54.235, 4.561], [-54.198, 4.555], [-54.165, 4.539], [-54.018, 4.562], [-53.978, 4.601], [-53.966, 4.583], [-53.985, 4.537], [-53.984, 4.504], [-53.973, 4.478], [-53.977, 4.435], [-53.959, 4.424], [-53.93, 4.436], [-53.902, 4.379], [-53.906, 4.358], [-53.894, 4.333], [-53.865, 4.311], [-53.856, 4.289], [-53.794, 4.273]]]}}, {"type": "Feature", "properties": {"code": "97358", "apl": 0.0, "pop": 241, "communeName": "Saint-Élie", "dept": "97", "category": "severe"}, "geometry": {"type": "Polygon", "coordinates": [[[-53.155, 3.905], [-53.172, 3.93], [-53.209, 4.035], [-53.228, 4.044], [-53.24, 4.067], [-53.241, 4.095], [-53.213, 4.12], [-53.208, 4.144], [-53.221, 4.158], [-53.227, 4.184], [-53.249, 4.195], [-53.254, 4.231], [-53.302, 4.25], [-53.318, 4.286], [-53.303, 4.304], [-53.32, 4.328], [-53.344, 4.332], [-53.351, 4.361], [-53.341, 4.441], [-53.33, 4.442], [-53.313, 4.471], [-53.314, 4.526], [-53.303, 4.536], [-53.324, 4.584], [-53.34, 4.58], [-53.377, 4.611], [-53.412, 4.646], [-53.407, 4.688], [-53.431, 4.697], [-53.424, 4.717], [-53.433, 4.739], [-53.399, 4.771], [-53.399, 4.791], [-53.418, 4.806], [-53.386, 4.83], [-53.382, 4.849], [-53.356, 4.868], [-53.361, 4.881], [-53.348, 4.907], [-53.366, 4.917], [-53.336, 4.962], [-53.328, 4.983], [-53.295, 4.976], [-53.261, 5.007], [-53.257, 5.048], [-53.227, 5.029], [-53.212, 5.013], [-53.181, 5.012], [-53.164, 5.019], [-53.165, 5.04], [-53.154, 5.064], [-53.134, 5.065], [-53.125, 5.038], [-53.091, 5.012], [-53.077, 4.988], [-53.055, 5.005], [-53.022, 5.019], [-52.99, 5.015], [-52.974, 5.022], [-52.949, 5.014], [-52.918, 4.993], [-52.911, 4.967], [-52.89, 4.945], [-52.868, 4.891], [-52.891, 4.847], [-52.9, 4.795], [-52.886, 4.77], [-52.895, 4.761], [-52.908, 4.72], [-52.885, 4.687], [-52.893, 4.66], [-52.882, 4.626], [-52.848, 4.609], [-52.826, 4.587], [-52.819, 4.56], [-52.79, 4.508], [-52.789, 4.493], [-52.834, 4.435], [-52.854, 4.428], [-52.86, 4.404], [-52.856, 4.353], [-52.824, 4.313], [-52.827, 4.292], [-52.827, 4.207], [-52.821, 4.187], [-52.844, 4.18], [-52.889, 4.135], [-52.914, 4.127], [-52.919, 4.093], [-52.937, 4.071], [-52.949, 4.039], [-52.971, 4.037], [-52.99, 4.001], [-53.034, 3.985], [-53.041, 3.967], [-53.062, 3.973], [-53.079, 3.954], [-53.101, 3.95], [-53.113, 3.934], [-53.152, 3.914], [-53.155, 3.905]]]}}, {"type": "Feature", "properties": {"code": "97362", "apl": 0.0, "pop": 5606, "communeName": "Papaichton", "dept": "97", "category": "severe"}, "geometry": {"type": "Polygon", "coordinates": [[[-53.739, 3.977], [-53.767, 3.974], [-53.791, 3.94], [-53.822, 3.919], [-53.846, 3.917], [-53.876, 3.899], [-53.908, 3.839], [-53.927, 3.842], [-53.982, 3.817], [-54.009, 3.809], [-54.026, 3.771], [-54.038, 3.777], [-54.07, 3.77], [-54.099, 3.745], [-54.13, 3.8], [-54.168, 3.805], [-54.191, 3.801], [-54.201, 3.822], [-54.195, 3.851], [-54.234, 3.858], [-54.252, 3.899], [-54.282, 3.928], [-54.299, 3.996], [-54.326, 4.019], [-54.341, 4.042], [-54.356, 4.046], [-54.343, 4.089], [-54.342, 4.12], [-54.323, 4.135], [-54.292, 4.135], [-54.272, 4.143], [-54.246, 4.171], [-54.225, 4.228], [-54.236, 4.243], [-54.214, 4.268], [-54.186, 4.261], [-54.157, 4.234], [-54.124, 4.22], [-54.098, 4.238], [-54.088, 4.227], [-54.054, 4.25], [-54.044, 4.275], [-54.028, 4.285], [-53.984, 4.287], [-53.929, 4.269], [-53.899, 4.239], [-53.842, 4.25], [-53.811, 4.24], [-53.78, 4.259], [-53.758, 4.211], [-53.762, 4.178], [-53.75, 4.169], [-53.762, 4.108], [-53.73, 4.084], [-53.735, 4.069], [-53.758, 4.052], [-53.751, 4.039], [-53.751, 3.982], [-53.739, 3.977]]]}}]}